D,epoch,loss,loss_bc,loss_data,loss_ic,loss_pde,r,step
0.12062030285596848,1,5.594279766082764,0.004706861451268196,0.29281142354011536,0.10119464993476868,0.0063929082825779915,0.9876599907875061,49
0.1809072345495224,3,3.998419761657715,0.0010624577989801764,0.1649860143661499,0.07535085082054138,0.012768205255270004,0.9842625856399536,99
0.2894679307937622,4,2.9885201454162598,0.0034222507383674383,0.07043959200382233,0.0544416680932045,0.024884695187211037,0.9720894694328308,149
0.3790489137172699,6,1.8229925632476807,0.0013502942165359855,0.05281175673007965,0.03367222473025322,0.019054753705859184,0.950598418712616,199
0.35838747024536133,7,0.5727454423904419,0.00040109336259774864,0.04454034939408302,0.009805225767195225,0.017889151349663734,0.9323810338973999,249
0.21172574162483215,9,0.1523476094007492,1.0045529052149504e-05,0.05286996066570282,0.0015449320198968053,0.02172877825796604,0.9187516570091248,299
0.09498993307352066,10,0.08192400634288788,2.0391216821735725e-05,0.04440648481249809,0.0004411403788253665,0.014440938830375671,0.905561089515686,349
0.01233688835054636,12,0.06722322106361389,0.00021616098820231855,0.0320984348654747,0.0003126798546873033,0.008682746440172195,0.8926591277122498,399
-0.04564489796757698,14,0.07451857626438141,0.00014218292199075222,0.05076344311237335,0.0002301553322467953,0.005138227716088295,0.8807952404022217,449
-0.0859605073928833,15,0.05039573088288307,1.1717020242940634e-05,0.03837818652391434,0.00015226879622787237,0.0038182565476745367,0.8702895045280457,499
-0.1134875938296318,17,0.0650632455945015,0.0003564844955690205,0.03283781185746193,0.00022090146376285702,0.0033561312593519688,0.8609846830368042,549
-0.13176096975803375,18,0.027461590245366096,1.3145931006874889e-05,0.018092598766088486,0.00011380545038264245,0.0030214227735996246,0.852677047252655,599
-0.14313286542892456,20,0.04240915924310684,0.0001336369023192674,0.026390939950942993,0.00013114482862874866,0.0027791329193860292,0.8450044393539429,649
-0.1494901478290558,21,0.036920174956321716,1.6811529349070042e-05,0.028980150818824768,8.69129944476299e-05,0.0027537939604371786,0.8380376696586609,699
-0.15229932963848114,23,0.046083901077508926,4.07861516578123e-05,0.03718854859471321,8.286135562229902e-05,0.0027129787486046553,0.8315286040306091,749
-0.15100322663784027,24,0.06495394557714462,0.0006963433115743101,0.015732593834400177,0.00023785547818988562,0.002511413302272558,0.825499951839447,799
-0.1480945199728012,26,0.024948885664343834,2.7008718461729586e-05,0.018020406365394592,6.287262658588588e-05,0.0024344127159565687,0.8197130560874939,849
-0.14443206787109375,28,0.029342493042349815,9.301463433075696e-05,0.018385689705610275,8.060914842644706e-05,0.0022756163962185383,0.8140873908996582,899
-0.1387517750263214,29,0.02329152636229992,5.8708385040517896e-05,0.01518741250038147,6.415053212549537e-05,0.001961167436093092,0.8086336255073547,949
-0.13242927193641663,31,0.07776126265525818,0.000902273110114038,0.017263947054743767,0.0002683449420146644,0.0019664133433252573,0.8033961057662964,999
-0.1263306736946106,32,0.022303283214569092,4.3275133066345006e-05,0.016563652083277702,3.6079527490073815e-05,0.001771898358128965,0.798067033290863,1049
-0.11954192072153091,34,0.03394386172294617,0.00029896339401602745,0.011583122424781322,0.00011295305739622563,0.001764917280524969,0.7929644584655762,1099
-0.11224794387817383,35,0.016653044149279594,3.4480588510632515e-05,0.011944560334086418,2.8244701752555557e-05,0.001572219654917717,0.7878364324569702,1149
-0.10530897974967957,37,0.048049721866846085,0.000502364244312048,0.01262093335390091,0.00017406664846930653,0.0016072436701506376,0.7826613187789917,1199
-0.09843936562538147,39,0.01915418729186058,3.6960220313631e-05,0.014713291078805923,2.191716521338094e-05,0.0014970276970416307,0.7775933742523193,1249
-0.0921010822057724,40,0.01629847101867199,8.881231769919395e-05,0.008789459243416786,3.2638137781759724e-05,0.0014364890521392226,0.7725957632064819,1299
-0.08559119701385498,42,0.01920037716627121,7.382418698398396e-05,0.012746843509376049,2.682671220100019e-05,0.0014209890505298972,0.7676908373832703,1349
-0.079361192882061,43,0.020619265735149384,0.00017758955073077232,0.007036406081169844,6.621678767260164e-05,0.0013925435487180948,0.7629165053367615,1399
-0.07386665791273117,45,0.04922574758529663,0.0005638401489704847,0.010353358462452888,0.0001860735210357234,0.0013767089694738388,0.7582160234451294,1449
-0.0681019127368927,46,0.012364105321466923,4.565507697407156e-05,0.008050820790231228,1.41137434184202e-05,0.0013248439645394683,0.7537169456481934,1499
-0.06350401788949966,48,0.01122260745614767,2.1587176888715476e-05,0.008343979716300964,9.024119208334014e-06,0.001348062651231885,0.7496201992034912,1549
-0.059070099145174026,49,0.04294508695602417,0.0005729118129238486,0.004852252081036568,0.00016235324437730014,0.0013295834651216865,0.7457849979400635,1599
-0.05310962349176407,51,0.010569998994469643,4.5206488721305504e-05,0.006408431101590395,1.2825212252209894e-05,0.0012599827023223042,0.7414842844009399,1649
-0.04951082542538643,53,0.00698377238586545,2.5868495868053287e-05,0.004029012285172939,8.438368240604177e-06,0.0012394170043990016,0.7381805777549744,1699
-0.045929208397865295,54,0.009171941317617893,2.37813510466367e-05,0.006341214291751385,7.653560714970808e-06,0.001258981297723949,0.7351687550544739,1749
-0.042606618255376816,56,0.00906397495418787,1.7828842828748748e-05,0.0066380626522004604,6.279647095652763e-06,0.0012204875238239765,0.7325316071510315,1799
-0.03916361182928085,57,0.045024193823337555,0.0006225756369531155,0.0031596410553902388,0.00018821214325726032,0.001325161661952734,0.7302079796791077,1849
-0.03581580892205238,59,0.0187855027616024,0.0002026635775109753,0.004421405028551817,6.026567643857561e-05,0.001217635115608573,0.7280844449996948,1899
-0.032409362494945526,60,0.008358487859368324,4.7263893065974116e-05,0.004065345507115126,1.4245155398384668e-05,0.001217690180055797,0.7261971831321716,1949
-0.03021882101893425,62,0.010460992343723774,8.632868411950767e-05,0.0036183660849928856,2.723524085013196e-05,0.0011644292389973998,0.724882185459137,1999
-0.027623122557997704,64,0.008984853513538837,4.767313657794148e-05,0.004801022820174694,1.318192789767636e-05,0.0011410783044993877,0.7237097024917603,2049
-0.025698956102132797,65,0.007990939542651176,5.113310180604458e-05,0.0034573101438581944,1.670998244662769e-05,0.0011414755135774612,0.7229817509651184,2099
-0.023694943636655807,67,0.0070859515108168125,2.909574868681375e-05,0.004034446552395821,9.218141713063233e-06,0.0011358108604326844,0.7225295901298523,2149
-0.021778281778097153,68,0.10210292786359787,0.001483886269852519,0.0046609207056462765,0.0004398456367198378,0.0012554109562188387,0.7226539254188538,2199
-0.019861780107021332,70,0.008029705844819546,4.610380347003229e-05,0.004092528484761715,1.1497733794385567e-05,0.0010571004822850227,0.7227103114128113,2249
-0.018927400931715965,71,0.007795968558639288,2.4822104023769498e-05,0.005128916352987289,7.2564330366731156e-06,0.001063125440850854,0.723459005355835,2299
-0.017406949773430824,73,0.008694506250321865,5.9611011238303035e-05,0.0037560793571174145,1.786189568520058e-05,0.0010647819144651294,0.7242955565452576,2349
-0.01594351977109909,74,0.05144801735877991,0.0007484375964850187,0.0020180572755634785,0.00021906886831857264,0.0010546378325670958,0.7254428863525391,2399
-0.01472750585526228,76,0.00557809229940176,2.718117684707977e-05,0.0028472156263887882,7.164850558183389e-06,0.0010135750053450465,0.7267243266105652,2449
-0.013262275606393814,78,0.006602889858186245,3.4269112802576274e-05,0.0033739986829459667,9.497634891886264e-06,0.0010405537905171514,0.7279482483863831,2499
-0.012932876124978065,79,0.004454285372048616,1.0688811926229391e-05,0.002801057882606983,2.502513098079362e-06,0.0009936613496392965,0.7300239205360413,2549
-0.012572847306728363,81,0.010359174571931362,9.309989400207996e-05,0.003324799705296755,2.8234626370249316e-05,0.000967648287769407,0.7323283553123474,2599
-0.011112292297184467,82,0.007598560769110918,5.700975452782586e-05,0.0030136783607304096,1.5399520634673536e-05,0.0009644187521189451,0.7344939708709717,2649
-0.010332745499908924,84,0.004216226749122143,1.0906815077760257e-05,0.0026614521630108356,2.1990315417497186e-06,0.0008994825184345245,0.7372072339057922,2699
-0.009791463613510132,85,0.08982313424348831,0.0013261681888252497,0.0023321190383285284,0.000402286765165627,0.0010682697175070643,0.7398557066917419,2749
-0.008403213694691658,87,0.0040722438134253025,9.212640179612208e-06,0.002666459884494543,1.6784493936938816e-06,0.0008612294914200902,0.7425945401191711,2799
-0.008374132215976715,89,0.00380248436704278,7.5157495302846655e-06,0.0024817856028676033,1.741544110700488e-06,0.0008578339475207031,0.7458258867263794,2849
-0.008258337154984474,90,0.004863278940320015,1.7213134924531914e-05,0.002921782899647951,4.650330538424896e-06,0.0008483232231810689,0.7493265867233276,2899
-0.006233551073819399,92,0.00880679301917553,7.929065759526566e-05,0.002764943055808544,2.4625098376418464e-05,0.000846061680931598,0.7522421479225159,2949
-0.006237547378987074,93,0.003946078009903431,7.82193546911003e-06,0.0026867324486374855,1.5410829519169056e-06,0.0007911942666396499,0.756006121635437,2999
-0.005819788668304682,95,0.0040471237152814865,6.362183739838656e-06,0.0028461364563554525,1.7516632624392514e-06,0.0007952952291816473,0.7597749829292297,3049
-0.005053095053881407,96,0.00904409121721983,9.638647316023707e-05,0.001814084011130035,3.291674147476442e-05,0.0007648459286428988,0.7634843587875366,3099
-0.004346009343862534,98,0.003833483438938856,1.8429243937134743e-05,0.0018978940788656473,4.906086815026356e-06,0.0007688229088671505,0.7673064470291138,3149
-0.0030942733865231276,99,0.01964319869875908,0.0002316922473255545,0.003548281267285347,7.39075694582425e-05,0.0008149274508468807,0.7709965109825134,3199
-0.002231103600934148,101,0.0037353404331952333,1.0058784027933143e-05,0.0024187834933400154,2.5040872060344554e-06,0.0006884130998514593,0.7750380635261536,3249
-0.002080269157886505,103,0.0028451925609260798,8.054921636357903e-06,0.0016658265376463532,1.8362787841397221e-06,0.0006848059128969908,0.779340922832489,3299
-0.0016832096735015512,104,0.010399757884442806,0.0001228106557391584,0.0016596291679888964,3.8938724173931405e-05,0.0006526591023430228,0.7838553786277771,3349
-0.0003429908538237214,106,0.003063836833462119,8.811142834019847e-06,0.0018881112337112427,1.8438295228406787e-06,0.0006429771310649812,0.7879735231399536,3399
0.0005877274088561535,107,0.003178986255079508,8.55531106935814e-06,0.0020480852108448744,1.9357091787242098e-06,0.0006063501932658255,0.7924842238426208,3449
0.000878312042914331,109,0.3441009819507599,0.005130100063979626,0.003727555740624666,0.0016525776591151953,0.001239535165950656,0.7967197895050049,3499
0.0027634683065116405,110,0.004272971302270889,2.27673735935241e-05,0.0022114929743111134,6.996860975050367e-06,0.000573266705032438,0.8001360893249512,3549
0.002554474864155054,112,0.0027876668609678745,5.085485099698417e-06,0.0019335146062076092,1.057701751960849e-06,0.0005469928728416562,0.8044089078903198,3599
0.0028196389321237803,114,0.0025036907754838467,4.8108622650033794e-06,0.0016737289261072874,8.917718332668301e-07,0.0005448300507850945,0.8090341091156006,3649
0.004135148599743843,115,0.002708590589463711,4.292775884096045e-06,0.0019207788864150643,1.0461448027854203e-06,0.0005208655493333936,0.8136249780654907,3699
0.005956723354756832,117,0.0078197056427598,7.924533565528691e-05,0.0020896662026643753,2.4805800421745516e-05,0.0005274824216030538,0.8178467750549316,3749
0.006614921614527702,118,0.0027875667437911034,7.542271760030417e-06,0.0018056512344628572,2.22587959797238e-06,0.0004935080651193857,0.8220849633216858,3799
0.0069863940589129925,120,0.0025447304360568523,1.2871601938968524e-05,0.001241696416400373,3.5624761949293315e-06,0.00048133000382222235,0.8265799283981323,3849
0.0091003542765975,121,0.0033036782406270504,2.0297140508773737e-05,0.0013962171506136656,8.678041922394186e-06,0.00045870206668041646,0.8298905491828918,3899
0.008865206502377987,123,0.0023678061552345753,3.87368618248729e-06,0.0017094219801947474,7.49562445889751e-07,0.00042722176294773817,0.8340710401535034,3949
0.00944744236767292,124,0.002050218405202031,1.1054939022869803e-05,0.0008856775239109993,3.710290002345573e-06,0.00042627943912521005,0.8383796215057373,3999
0.010877152904868126,126,0.01973499171435833,0.0002708412357605994,0.0014907040167599916,8.529049227945507e-05,0.0004377019649837166,0.8425796627998352,4049
0.012401157990098,128,0.0018939266446977854,4.849594915867783e-06,0.0011794171296060085,1.3690803370991489e-06,0.0004035758029203862,0.846345841884613,4099
0.01299761701375246,129,0.0016165972920134664,3.256957370467717e-06,0.0010343692265450954,7.58834744374326e-07,0.0003814385272562504,0.8505175709724426,4149
0.015928687527775764,131,0.011726506054401398,0.00015078397700563073,0.0017000158550217748,4.1808190871961415e-05,0.0003968820965383202,0.8529719710350037,4199
0.015719691291451454,132,0.001856703544035554,6.826547178206965e-06,0.001064207637682557,2.1084692889417056e-06,0.0003457449784036726,0.8558983206748962,4249
0.014748848043382168,134,0.0017150189960375428,3.8699604374414776e-06,0.0011117234826087952,1.2131939683968085e-06,0.00034913778654299676,0.8594324588775635,4299
0.0161709263920784,135,0.0014508151216432452,3.1068880161910783e-06,0.000916630553547293,7.260370011863415e-07,0.00034253826015628874,0.8631681203842163,4349
0.01799509860575199,137,0.0015676271868869662,3.7403615351649933e-06,0.0010048069525510073,1.0820798479471705e-06,0.00032169814221560955,0.8668885827064514,4399
0.01957465521991253,139,0.001797638600692153,5.815210897708312e-06,0.0010758531279861927,2.1552486941800453e-06,0.0003232625313103199,0.8707523345947266,4449
0.020844917744398117,140,0.0015518185682594776,2.4912619664974045e-06,0.0010783788748085499,8.233011499214626e-07,0.0003077115397900343,0.8744508028030396,4499
0.023386837914586067,142,0.01463378220796585,0.00019975821487605572,0.0009231917792931199,6.779921386623755e-05,0.00033271778374910355,0.8771821856498718,4549
0.023422259837388992,143,0.0015585783403366804,2.5128881588898366e-06,0.0011091296328231692,7.263989232342283e-07,0.0002874844067264348,0.8800980448722839,4599
0.024485677480697632,145,0.0014182645827531815,2.7252640393271577e-06,0.000944450730457902,8.974291176855331e-07,0.0002926791494246572,0.8834949731826782,4649
0.025699755176901817,146,0.004651626572012901,3.7524219806073233e-05,0.0010702370200306177,2.8792563171009533e-05,0.00026555024669505656,0.8862725496292114,4699
0.02608240768313408,148,0.0016110629076138139,5.999518180033192e-06,0.0009092249092645943,2.7456101179268444e-06,0.0002645815839059651,0.8884658217430115,4749
0.02674010396003723,149,0.001816182746551931,8.44613168737851e-06,0.0008212865795940161,6.145928182377247e-06,0.00026529317256063223,0.8916473984718323,4799
0.02860933355987072,151,0.0032503479160368443,3.2738171285018325e-05,0.0006448259227909148,1.4603369891119655e-05,0.00023844481620471925,0.894399881362915,4849
0.02933407574892044,153,0.0015530905220657587,9.438961569685489e-06,0.000660651596263051,3.448859843047103e-06,0.0002480478724464774,0.8967618346214294,4899
0.02937914803624153,154,0.0040697879157960415,4.503256059251726e-05,0.000743092386983335,1.6668986063450575e-05,0.00024161796318367124,0.8998068571090698,4949
0.03199724480509758,156,0.002199520356953144,1.444784356863238e-05,0.0009127946104854345,6.3831616898823995e-06,0.0002451754698995501,0.901974618434906,4999
0.03164137527346611,157,0.0018711044685915112,1.515488293080125e-05,0.0006050964002497494,5.7082534112851135e-06,0.00022285128943622112,0.9046528339385986,5049
0.03326745703816414,159,0.00825928058475256,7.735669350950047e-05,0.0009643653174862266,6.384305015671998e-05,0.0002349276765016839,0.906046986579895,5099
0.0327155701816082,160,0.0010443623177707195,3.3168626032420434e-06,0.0005963637959212065,1.1943549225179595e-06,0.00022243759303819388,0.9083681106567383,5149
0.0351095125079155,162,0.006503625772893429,8.059252286329865e-05,0.0007572657777927816,2.962970575026702e-05,0.00023524898278992623,0.909700870513916,5199
0.03489500656723976,164,0.0012344459537416697,2.848969643309829e-06,0.0007848651148378849,1.7919367110152962e-06,0.00021753548935521394,0.9120653867721558,5249
0.03564462810754776,165,0.042933542281389236,0.0006088486406952143,0.0011490692850202322,0.00022102700313553214,0.00029069266747683287,0.9145036339759827,5299
0.03649751469492912,167,0.004818525165319443,4.579733649734408e-05,0.0008621013257652521,2.8440485039027408e-05,0.00024453256628476083,0.9155336022377014,5349
0.03655204921960831,168,0.0019282391294836998,1.3746901458944194e-05,0.0006604470545426011,7.022136742307339e-06,0.0002293401921633631,0.9182246327400208,5399
0.03843386098742485,170,0.006183065474033356,6.599514017580077e-05,0.0009891155641525984,3.2999232644215226e-05,0.00024423099239356816,0.919386088848114,5449
0.03732886537909508,171,0.001515876967459917,8.602655725553632e-06,0.0006002141162753105,5.234150648902869e-06,0.00022382268798537552,0.9214564561843872,5499
0.038193877786397934,173,0.019650014117360115,0.00026192309451289475,0.0009885320905596018,0.00010599442612146959,0.00026560609694570303,0.9238023161888123,5549
0.039447322487831116,174,0.0030020922422409058,1.786228131095413e-05,0.001345170894637704,1.0731597285484895e-05,0.0002272273413836956,0.9260793924331665,5599
0.040960416197776794,176,0.0011207569623365998,2.0429019969014917e-06,0.0007210237672552466,1.7177901554532582e-06,0.0002116985706379637,0.9261201024055481,5649
0.03989988565444946,178,0.0018155159195885062,1.1041428479074966e-05,0.0005689146928489208,9.830433555180207e-06,0.0002030081523116678,0.9281531572341919,5699
0.041611235588788986,179,0.03809230774641037,0.0005256423610262573,0.000940360187087208,0.00021218121401034296,0.00026077101938426495,0.930409848690033,5749
0.04107515141367912,181,0.0013402956537902355,5.044839326728834e-06,0.000671596615575254,4.192871074337745e-06,0.0002068135654553771,0.9311295747756958,5799
0.04182058200240135,182,0.0016800228040665388,9.987526937038638e-06,0.0007926382822915912,3.811184797086753e-06,0.00019744895689655095,0.9332291483879089,5849
0.04206427186727524,184,0.0160309337079525,0.00021290441509336233,0.0006545220967382193,8.988299668999389e-05,0.00023704141494818032,0.9357969760894775,5899
0.04222412407398224,185,0.0030771184246987104,2.0695049897767603e-05,0.0006492359680123627,2.404288352408912e-05,0.00019098579650744796,0.9338479042053223,5949
0.042018916457891464,187,0.0008848833967931569,1.6143299035320524e-06,0.0005678451270796359,9.206708000419894e-07,0.0001902882504509762,0.9365653395652771,5999
0.042339593172073364,189,0.002585831331089139,2.093675902870018e-05,0.0004578318912535906,1.741689266054891e-05,0.0002103167789755389,0.9393366575241089,6049
0.044317957013845444,190,0.001249080989509821,7.294983333849814e-06,0.0005660348106175661,2.8868578283436364e-06,0.0001739541912684217,0.9409948587417603,6099
0.04391755163669586,192,0.0009451633668504655,2.4036266950133722e-06,0.0005798481870442629,1.2135823226344655e-06,0.00018445469322614372,0.9432028532028198,6149
0.04571337625384331,193,0.019627075642347336,0.00018046237528324127,0.000763779622502625,0.00019025390793103725,0.0003274831105954945,0.9434110522270203,6199
0.04410321265459061,195,0.0012190304696559906,2.669429250090616e-06,0.0008509450126439333,1.144720044976566e-06,0.00017737800953909755,0.9434534907341003,6249
0.045047830790281296,196,0.011717738583683968,0.0001554634072817862,0.0005252131959423423,6.400230631697923e-05,0.00021923937310930341,0.945652425289154,6299
0.04530935734510422,198,0.0015286842826753855,9.79241212917259e-06,0.0005897469818592072,5.505010904016672e-06,0.00017406615370418876,0.9445170760154724,6349
0.04546694830060005,199,0.0010947438422590494,4.552744940156117e-06,0.0005019935197196901,3.525749889377039e-06,0.0001888256228994578,0.947577714920044,6399
0.04624142870306969,201,0.0013987845741212368,1.2346070434432477e-05,0.00036748385173268616,4.965331754647195e-06,0.00016573055472690612,0.9502146244049072,6449
0.04851476103067398,203,0.0021561437752097845,1.6013302229112014e-05,0.0005221144529059529,1.2975529898540117e-05,0.0001845876540755853,0.951065719127655,6499
0.046698231250047684,204,0.004414771217852831,5.209401570027694e-05,0.0006995151052251458,1.8640474081621505e-05,0.0001785313943400979,0.9530825018882751,6549
0.047220807522535324,206,0.0016720403218641877,8.788525519776158e-06,0.0005960901034995914,9.429201782040764e-06,0.00016506390238646418,0.9534167647361755,6599
0.04799192026257515,207,0.0013637299416586757,1.1230811651330441e-05,0.0004457869799807668,3.724458110809792e-06,0.00017017948266584426,0.9551234841346741,6649
0.04825706407427788,209,0.0012775789946317673,5.3891581046627834e-06,0.0007398525485768914,2.0952838895027526e-06,0.0001635043154237792,0.955249011516571,6699
0.04865267500281334,210,0.0009310230962000787,2.7258220143266954e-06,0.0005207153153605759,2.204795237048529e-06,0.00016377691645175219,0.95706707239151,6749
0.050750214606523514,212,0.00743729155510664,7.152946636779234e-05,0.000823268317617476,5.694532228517346e-05,0.00019028334645554423,0.9551498293876648,6799
0.050109513103961945,214,0.0008295303559862077,2.26338943321025e-06,0.0004858358879573643,1.1875595191668253e-06,0.00017114702495746315,0.9570276141166687,6849
0.051125772297382355,215,0.0008430322632193565,1.4222080153558636e-06,0.0005412414902821183,9.565163736624527e-07,0.0001828545646276325,0.9580933451652527,6899
0.04961765184998512,217,0.003178326180204749,3.7165711546549574e-05,0.0004522890958469361,1.4052068763703573e-05,0.00016514811431989074,0.9607300758361816,6949
0.04968345910310745,218,0.0015324122505262494,9.980675713450182e-06,0.0004649586626328528,8.24766084406292e-06,0.00015603685460519046,0.9569154977798462,6999
0.049711357802152634,220,0.0008983443258330226,1.4957735174903064e-06,0.0006237981142476201,7.751589237159351e-07,0.000160999596118927,0.9598864316940308,7049
0.05121709033846855,221,0.0008322185021825135,1.3379292340687243e-06,0.000572789809666574,4.881309791926469e-07,0.00016812572721391916,0.9622490406036377,7099
0.050895024091005325,223,0.0027949803043156862,2.2206335415830836e-05,0.0006081728497520089,1.833669921325054e-05,0.00015965585771482438,0.9634235501289368,7149
0.05172118544578552,224,0.11549453437328339,0.0015301969833672047,0.0013838117010891438,0.0007438460015691817,0.00040857656858861446,0.9651167392730713,7199
0.04827030375599861,226,0.0010847363155335188,4.822621122002602e-06,0.0005939489929005504,2.0519737518043257e-06,0.00014705756620969623,0.9623029828071594,7249
0.05176292732357979,228,0.000749388535041362,1.6546575807296904e-06,0.00047773082042112947,7.718278993706917e-07,0.00015033347881399095,0.9651418328285217,7299
0.05200204253196716,229,0.0018094759434461594,1.4911894140823279e-05,0.0005123415612615645,7.761082997603808e-06,0.00016348545614164323,0.9666571021080017,7349
0.05322838947176933,231,0.015529340133070946,0.0001909211277961731,0.00047356620780192316,0.00010571019811322913,0.00022420735331252217,0.9670124650001526,7399
0.05316363647580147,232,0.001462424173951149,1.166367746918695e-05,0.0004841250483877957,4.7093549255805556e-06,0.0001596476067788899,0.9664577841758728,7449
0.053407710045576096,234,0.0008839303627610207,2.4590549401182216e-06,0.0005205926718190312,1.7201966784341494e-06,0.00015437511319760233,0.9673511981964111,7499
0.0527099072933197,235,0.00394271919503808,2.385656989645213e-05,0.0005265336367301643,4.145714046899229e-05,0.0001505001710029319,0.9709226489067078,7549
0.05510183423757553,237,0.013803751207888126,0.0001520391961093992,0.0006894177058711648,0.00010663442662917078,0.00018065283074975014,0.9675852060317993,7599
0.05529356002807617,239,0.0016151468735188246,1.1091490705439355e-05,0.0005420019151642919,7.174574420787394e-06,0.0001598417293280363,0.9673883318901062,7649
0.056120119988918304,240,0.0010607538279145956,5.9235553635517135e-06,0.0005276656011119485,1.6944960634646122e-06,0.00015218563203234226,0.9675948619842529,7699
0.05461940914392471,242,0.0007018318283371627,1.9501071619743016e-06,0.00040581991197541356,9.604920023775776e-07,0.00015048202476464212,0.970628559589386,7749
0.055710405111312866,243,0.0007028158288449049,1.827694632083876e-06,0.00042208359809592366,8.028483762245742e-07,0.00014920506509952247,0.9738848209381104,7799
0.058365438133478165,245,0.007159726228564978,7.655473746126518e-05,0.00046522944467142224,5.4273867135634646e-05,0.00015306641580536962,0.9717561602592468,7849
0.05547676235437393,246,0.0022131092846393585,1.2772939953720197e-05,0.0005312251159921288,1.776676253939513e-05,0.00015489899669773877,0.9726579785346985,7899
0.05607595667243004,248,0.012237452901899815,0.00016464319196529686,0.00047571753384545445,6.67814674670808e-05,0.00019050249829888344,0.9755456447601318,7949
0.055937860161066055,249,0.02558930218219757,0.00034306198358535767,0.0006539203459396958,0.00015156118024606258,0.00020422166562639177,0.9750189781188965,7999
0.05695786327123642,251,0.009695556946098804,9.520171443000436e-05,0.0007568777073174715,7.997719512786716e-05,0.00017973377543967217,0.9715214967727661,8049
0.05829285830259323,253,0.0009255367913283408,4.624434041033965e-06,0.0004798087175004184,1.565710249451513e-06,0.00013622087135445327,0.9735411405563354,8099
0.057851485908031464,254,0.1381724625825882,0.0018555191345512867,0.0010199060197919607,0.0008765317616052926,0.0005500125116668642,0.9764688611030579,8149
0.05375155806541443,256,0.0009347917512059212,1.627677647775272e-06,0.0005685447249561548,2.696767523957533e-06,0.00015002474538050592,0.9679628610610962,8199
0.057513944804668427,257,0.0007158825173974037,1.4151696632325184e-06,0.00046799538540653884,6.622589694416092e-07,0.00014401569205801934,0.9762468934059143,8249
0.058595772832632065,259,0.0007045379607006907,2.002836026804289e-06,0.00040872785029932857,1.2197831438243156e-06,0.00013467913959175348,0.9784576296806335,8299
0.058423109352588654,260,0.0008541134302504361,1.0754158665804425e-06,0.0006449055508710444,5.006646688343608e-07,0.00013040384510532022,0.9794923067092896,8349
0.05864783748984337,262,0.0014929239405319095,7.967322744661942e-06,0.00039976451080292463,1.142528526543174e-05,0.0001235290546901524,0.9799679517745972,8399
0.058536358177661896,264,0.0015193212311714888,9.90307944448432e-06,0.0004891353892162442,7.348441158683272e-06,0.00016760971629992127,0.9771154522895813,8449
0.060269471257925034,265,0.0008360674255527556,1.252483343705535e-06,0.0005723165231756866,1.3827414022671292e-06,0.00013198962551541626,0.9761247038841248,8499
0.05953081324696541,267,0.006244027521461248,7.204095891211182e-05,0.00043552363058552146,4.1484170651528984e-05,0.00013224725262261927,0.9792076349258423,8549
0.06036194786429405,268,0.020518021658062935,0.00027880611014552414,0.0004765019693877548,0.00011857468780362979,0.00017247955838683993,0.9802983403205872,8599
0.06062121316790581,270,0.001239617820829153,3.829421075352002e-06,0.00047891424037516117,8.502413038513623e-06,0.00014411177835427225,0.9660933613777161,8649
0.061970487236976624,271,0.0009437279077246785,4.816620275960304e-06,0.0004712211084552109,2.01295029000903e-06,0.00013102826778776944,0.9797599911689758,8699
0.06272206455469131,273,0.0014449093723669648,1.3783203030470759e-05,0.00033589874510653317,5.683421477442607e-06,0.00013567936548497528,0.9820919632911682,8749
0.06210418790578842,274,0.001320438226684928,1.1147931218147278e-05,0.00033193983836099505,6.162467343528988e-06,0.0001229785120813176,0.9789432287216187,8799
0.0616767480969429,276,0.0007239960832521319,2.3499926555814454e-06,0.0004338276921771467,1.1011442211383837e-06,0.00011761153291445225,0.982069730758667,8849
0.06302008032798767,278,0.0028597896452993155,2.9514347261283547e-05,0.0004997173673473299,1.4788930457143579e-05,0.00014490839384961873,0.9838225841522217,8899
0.06058609485626221,279,0.0011514198267832398,4.975731826561969e-06,0.0005243092309683561,5.0659368753258605e-06,0.00012502715981099755,0.9782824516296387,8949
0.06177026033401489,281,0.0007613550988025963,2.8125282369728666e-06,0.00040629098657518625,1.6826739965836168e-06,0.0001303040044149384,0.9841265082359314,8999
0.06261183321475983,282,0.0006312247132882476,1.4793072296015453e-06,0.00038094259798526764,1.0631382565406966e-06,0.00012315981439314783,0.9838233590126038,9049
0.06190931424498558,284,0.029117479920387268,0.00037020392483100295,0.0006724109407514334,0.00019464727665763348,0.00020250944362487644,0.9848600029945374,9099
0.06055765599012375,285,0.0019405882339924574,1.0418835699965712e-05,0.0005531151546165347,1.4826790902588982e-05,0.00012519182928372175,0.9773122072219849,9149
0.06325987726449966,287,0.0006841099238954484,1.9274853002571035e-06,0.00041499530198052526,1.0563568366706022e-06,0.00011992249346803874,0.9871806502342224,9199
0.06449151039123535,289,0.0008725134539417922,2.5897288651322015e-06,0.000536332605406642,1.5999689821910579e-06,0.00012669597344938666,0.9851462244987488,9249
0.06511081010103226,290,0.0013875884469598532,1.065223477780819e-05,0.000474735745228827,5.089254500489915e-06,0.00012577824236359447,0.9832316637039185,9299
0.06412378698587418,292,0.0007928275153972208,2.1548582935793092e-06,0.0005229399539530277,9.463456649427826e-07,0.00011482736590551212,0.9842532277107239,9349
0.06502655148506165,293,0.011023275554180145,0.00010930518328677863,0.0006733534974046052,9.407179459230974e-05,0.00018107311916537583,0.9793112277984619,9399
0.06532202661037445,295,0.001005491241812706,5.116983174957568e-06,0.0005064714350737631,2.3946986402734183e-06,0.0001234356896020472,0.9886656403541565,9449
0.06596098095178604,296,0.002633544849231839,2.665858482941985e-05,0.00037840736331418157,1.5823363355593756e-05,0.00013104002573527396,0.9856101870536804,9499
0.0660025104880333,298,0.0015644999220967293,1.1439315130701289e-05,0.0004618887323886156,8.199211151804775e-06,0.0001206848828587681,0.985115110874176,9549
0.06837262958288193,299,0.03161700814962387,0.0002692470734473318,0.0005951555212959647,0.00034629530273377895,0.00024473515804857016,0.9808825254440308,9599
0.07132191210985184,301,0.004514908418059349,4.8194415285252035e-05,0.0006359524559229612,2.652322655194439e-05,0.0001430737756891176,0.9825857281684875,9649
0.06559082120656967,303,0.0005221052560955286,1.1696122328430647e-06,0.0003288416191935539,5.327281087375013e-07,0.00010814661800395697,0.9863951802253723,9699
0.0664757713675499,304,0.0006719509838148952,1.9246044757892378e-06,0.0004281866131350398,7.13869496848929e-07,0.0001118406726163812,0.9871022701263428,9749
0.0656590387225151,306,0.0011369464918971062,4.154320777161047e-06,0.0005477552767843008,5.706316187570337e-06,9.61594341788441e-05,0.9876039624214172,9799
0.06721603125333786,307,0.0007830851245671511,2.6283241822966374e-06,0.0004436455201357603,1.969721097339061e-06,0.00010953733726637438,0.986967921257019,9849
0.06814602762460709,309,0.02066194638609886,0.00015001049905549735,0.0007654422661289573,0.00024281955847982317,0.00025500101037323475,0.9840170741081238,9899
0.06760188192129135,310,0.0009088137885555625,3.752007842194871e-06,0.00040581796201877296,4.095234999113018e-06,0.00011063372949138284,0.9902589321136475,9949
0.06817743182182312,312,0.0008008343284018338,2.4800531264190795e-06,0.0005130400531925261,1.2024644320263178e-06,0.00010366841161157936,0.9897428750991821,9999
0.0715244859457016,314,0.0033947345800697803,1.6911601051106118e-05,0.0005483992863446474,3.6965840990887955e-05,0.0001524630351923406,0.9822676777839661,10049
0.07494699954986572,315,0.010907014831900597,5.9510741266421974e-05,0.0006626489339396358,0.00014165179163683206,0.00018623897631186992,0.974655032157898,10099
0.0682637169957161,317,0.0006790704792365432,1.4404422472580336e-06,0.0004546484851744026,9.177652486869192e-07,0.00010651165212038904,0.992598831653595,10149
0.06915060430765152,318,0.0005699825123883784,1.0747876331151929e-06,0.00038067332934588194,5.677794092662225e-07,0.00010718078556237742,0.9895320534706116,10199
0.06962369382381439,320,0.0006258624489419162,9.12018606413767e-07,0.00044130239984951913,5.694080300600035e-07,0.00011048871965613216,0.989508867263794,10249
0.06886280328035355,321,0.0005608408246189356,9.96463313640561e-07,0.00038126501021906734,5.365791366784833e-07,0.00010292370279785246,0.9891217350959778,10299
0.06994998455047607,323,0.0005056469817645848,1.1350829254297423e-06,0.0003300331882201135,5.317140221450245e-07,9.227393456967548e-05,0.9880162477493286,10349
0.06982923299074173,324,0.0005593424430117011,1.7610868781048339e-06,0.00032339818426407874,9.167295047518564e-07,0.00010205341095570475,0.9885777235031128,10399
0.06999538838863373,326,0.0009601602214388549,4.53114944320987e-06,0.00040162389632314444,4.473441549635027e-06,0.00010830676183104515,0.9867957830429077,10449
0.07019247859716415,328,0.0016401007305830717,1.242178404936567e-05,0.0004887382383458316,8.534315384167712e-06,0.00010355759877711535,0.987784743309021,10499
0.07058399170637131,329,0.010936050675809383,0.00013700936688110232,0.0006019813008606434,6.722708349116147e-05,0.000122246885439381,0.9898547530174255,10549
0.07033772766590118,331,0.004145309329032898,4.259103297954425e-05,0.0005161741864867508,2.8008726076222956e-05,9.914729162119329e-05,0.9901504516601562,10599
0.07193543016910553,332,0.003791114781051874,3.0051072826609015e-05,0.00039456607191823423,3.589615153032355e-05,9.918744035530835e-05,0.9891267418861389,10649
0.07154711335897446,334,0.0010623398702591658,4.405049821798457e-06,0.0005199530278332531,4.528756107902154e-06,9.569650865159929e-05,0.9914163947105408,10699
0.07163970172405243,335,0.01678207516670227,0.000220568836084567,0.0004708724736701697,0.00010273363295709714,0.00014607924094889313,0.9904354214668274,10749
0.07156872004270554,337,0.0006698446231894195,1.3944086276751477e-06,0.0004546241834759712,1.0901045470745885e-06,9.099473390961066e-05,0.9928106665611267,10799
0.07204461842775345,339,0.006604968104511499,5.297214011079632e-05,0.0005471153999678791,6.600438064197078e-05,0.00010902673966484144,0.9820483922958374,10849
0.07594096660614014,340,0.001471599331125617,7.825246029824484e-06,0.0006589179392904043,6.4726768869149964e-06,9.778514504432678e-05,1.0006451606750488,10899
0.07390433549880981,342,0.000763590564019978,1.388870032315026e-06,0.0005122368456795812,1.4826962342340266e-06,0.00010777545685414225,0.9915705919265747,10949
0.07524359226226807,343,0.0007441452471539378,1.4474313729806454e-06,0.000532194331753999,7.922911891000695e-07,9.996476728701964e-05,0.9888247847557068,10999
0.0732305720448494,345,0.0005911992629989982,2.305164343852084e-06,0.0003399759589228779,1.0273298585161683e-06,8.459856326226145e-05,0.9883356094360352,11049
0.072474904358387,346,0.0009004555176943541,3.9056162677297834e-06,0.0004017914761789143,4.3003842620237265e-06,8.836402412271127e-05,0.9895825982093811,11099
0.07392653822898865,348,0.0009339712560176849,4.196785994281527e-06,0.00042578487773425877,4.330145202402491e-06,8.183976024156436e-05,0.9827445149421692,11149
0.07385321706533432,349,0.00042029761243611574,2.4663506792421686e-06,0.0001308850187342614,1.5311516108340584e-06,8.953748329076916e-05,0.9950826168060303,11199
0.07343287020921707,351,0.04838169366121292,0.0006253848550841212,0.0008292991551570594,0.00032150294282473624,0.00020800564379896969,0.9887499213218689,11249
0.07266747951507568,353,0.0007701409049332142,1.1334204828017391e-06,0.0005461867549456656,1.2711350336758187e-06,0.0001037263500620611,0.9919219017028809,11299
0.07537627965211868,354,0.0006980305770412087,1.2730682783512748e-06,0.0004932896699756384,8.137599252222572e-07,0.00010039956396212801,0.9914280772209167,11349
0.07573140412569046,356,0.0012102036271244287,9.088450497074518e-06,0.0003578315954655409,6.204038982104976e-06,8.774745947448537e-05,0.989799976348877,11399
0.07448496669530869,357,0.0007379497401416302,2.449124167469563e-06,0.0004325073678046465,2.0556553863571025e-06,8.020335371838883e-05,0.9886702299118042,11449
0.07597270607948303,359,0.0007447183597832918,1.3003106005271547e-06,0.0005536889075301588,7.544968525508011e-07,8.828911813907325e-05,0.9875022172927856,11499
0.07542892545461655,360,0.013991964049637318,0.00017032536561600864,0.0005820647347718477,9.556973236612976e-05,0.00011514441575855017,0.9871081709861755,11549
0.075138621032238,362,0.0009949635714292526,2.4379392016271595e-06,0.00048643595073372126,5.880232038180111e-06,9.26189823076129e-05,0.9901854395866394,11599
0.07523191720247269,364,0.0028674528002738953,1.9261397028458305e-05,0.0004967625718563795,2.624906846904196e-05,9.516689897282049e-05,0.985869288444519,11649
0.07424409687519073,365,0.002421140903607011,1.6953757949522696e-05,0.00032203466980718076,2.2701104171574116e-05,0.00011636311683105305,0.9894798994064331,11699
0.07663898169994354,367,0.0007982181268744171,2.5001684207381913e-06,0.0005021853721700609,1.7991673075812287e-06,8.106599125312641e-05,0.9914493560791016,11749
0.07565233111381531,368,0.0024430498015135527,2.061434497591108e-05,0.00033584918128326535,1.9931572751374915e-05,7.990474114194512e-05,0.9909905791282654,11799
0.07383209466934204,370,0.0033960817381739616,4.403492494020611e-05,0.0004019694752059877,1.412763049302157e-05,8.598471322329715e-05,0.9914959073066711,11849
0.0771782249212265,371,0.0010138958459720016,5.925619916524738e-06,0.0004607024893630296,3.4154977583966684e-06,8.613742102170363e-05,0.9902406334877014,11899
0.07836048305034637,373,0.000950233603361994,6.444185601139907e-06,0.0003595090820454061,3.700844672493986e-06,8.347300172317773e-05,0.9873606562614441,11949
0.07623079419136047,374,0.0037099067121744156,3.128400567220524e-05,0.0006079135928303003,2.915439472417347e-05,8.007312862901017e-05,0.9864727258682251,11999
0.07595080882310867,376,0.0007355766138061881,1.8715882106334902e-06,0.0004473517183214426,2.374615405642544e-06,7.591472240164876e-05,0.9919223189353943,12049
0.07669245451688766,378,0.003172791562974453,2.989400309161283e-05,0.0005118206609040499,2.1825142539455555e-05,7.501340587623417e-05,0.9911350607872009,12099
0.07758590579032898,379,0.0027891334611922503,2.8096750611439347e-05,0.00043981042108498514,1.7338135876343586e-05,7.757885032333434e-05,0.9926021099090576,12149
0.07751689106225967,381,0.000879887433256954,3.955529336963082e-06,0.00040104304207488894,4.141740646446124e-06,7.398091838695109e-05,0.98807293176651,12199
0.0785134881734848,382,0.0007648423779755831,2.029035613304586e-06,0.0004911944270133972,1.844900566538854e-06,7.995113264769316e-05,0.9879004955291748,12249
0.0787055715918541,384,0.008588817901909351,6.655075412709266e-05,0.000600548810325563,9.072874672710896e-05,0.00012429410708136857,0.9878747463226318,12299
0.0757342204451561,385,0.0014373499434441328,9.65575145528419e-06,0.0002319060149602592,1.2918433640152216e-05,7.673469372093678e-05,0.9884704947471619,12349
0.07792672514915466,387,0.0007091992883943021,2.2801802970207063e-06,0.00042729341657832265,1.7950148958334466e-06,7.814610580680892e-05,0.994114875793457,12399
0.08058436959981918,389,0.008522288873791695,9.42409533308819e-05,0.0005537746474146843,6.304611451923847e-05,0.00010416106670163572,0.9862790703773499,12449
0.07797831296920776,390,0.0009049248183146119,5.823958417749964e-06,0.00033494338276796043,4.1960338421631604e-06,6.89818334649317e-05,0.9942444562911987,12499
0.07873722910881042,392,0.0007549684960395098,2.005529722737265e-06,0.00046042431495152414,2.430344238746329e-06,7.275044481502846e-05,0.9931098818778992,12549
0.08109347522258759,393,0.01399221457540989,0.00013529178977478296,0.0005005171988159418,0.0001308494247496128,0.00018463660671841353,0.98469078540802,12599
0.08159516751766205,395,0.013326932676136494,0.00016257737297564745,0.0003742523258551955,9.427451004739851e-05,0.00011008666479028761,0.9977992177009583,12649
0.08051377534866333,396,0.0006369529291987419,1.9191984392818995e-06,0.000377615331672132,1.8134344372811029e-06,7.270598143804818e-05,0.9900074601173401,12699
0.08039914816617966,398,0.001243585254997015,8.294595318147913e-06,0.0003810272319242358,7.58572878112318e-06,6.85417908243835e-05,0.9889960885047913,12749
0.07817596197128296,399,0.0022029555402696133,1.5623296349076554e-05,0.00042762327939271927,1.863422767200973e-05,6.245601252885535e-05,0.9882737398147583,12799
0.07894305139780045,401,0.0009326252620667219,5.829389920108952e-06,0.00036048272158950567,4.408806034916779e-06,6.0232734540477395e-05,0.9945999979972839,12849
0.08001609146595001,403,0.021110601723194122,0.0002444073325023055,0.00048108387272804976,0.00016576888447161764,0.00012070778029737994,0.9889999032020569,12899
0.08178574591875076,404,0.0006289930315688252,1.0961032330669696e-06,0.0002925695152953267,4.224025815346977e-06,7.041705976007506e-05,0.9934981465339661,12949
0.08144760131835938,406,0.0004722636076621711,1.0344487009206205e-06,0.0003365392913110554,4.322698430314631e-07,6.238839705474675e-05,0.9920132160186768,12999
0.08150935918092728,407,0.0013889581896364689,1.2683207387453876e-05,0.00041177673847414553,5.551149570237612e-06,6.546358054038137e-05,0.9900275468826294,13049
0.07981038838624954,409,0.0014356537722051144,8.30385306471726e-06,0.0003372682258486748,1.2060801054758485e-05,8.015292405616492e-05,0.9937834739685059,13099
0.0818803459405899,410,0.0005927119636908174,2.0985301034670556e-06,0.00031386781483888626,2.1990013010508846e-06,6.396759272320196e-05,0.9905965328216553,13149
0.08173107355833054,412,0.0029790569096803665,2.353627496631816e-05,0.00042117235716432333,2.6006395273725502e-05,8.075089135672897e-05,0.9836636185646057,13199
0.08137588948011398,414,0.0006696237251162529,1.4577108231605962e-06,0.0003970281395595521,2.7116193450638093e-06,6.412911170627922e-05,0.9970275163650513,13249
0.08182709664106369,415,0.001231881557032466,8.403629180975258e-06,0.0005028860177844763,4.831173555430723e-06,6.725543789798394e-05,0.9868713617324829,13299
0.08252214640378952,417,0.0016290465136989951,1.4889931662764866e-05,0.0004824746574740857,6.727723757649073e-06,6.568906974280253e-05,0.9909106492996216,13349
0.08137241750955582,418,0.0008632784592919052,3.838906650344143e-06,0.00042799083166755736,3.4913198305730475e-06,6.87762803863734e-05,0.9928503036499023,13399
0.08235935121774673,420,0.005893337540328503,7.781570457154885e-05,0.0004089722060598433,3.0099736250122078e-05,8.859332592692226e-05,0.9810174703598022,13449
0.08367615193128586,421,0.0005661502364091575,6.550297939611482e-07,0.0004482856020331383,5.28039208802511e-07,5.8711200836114585e-05,0.9964163899421692,13499
0.08498694747686386,423,0.014671850949525833,0.00018086706404574215,0.0005680599133484066,9.924891492119059e-05,9.799161489354447e-05,0.9881372451782227,13549
0.08220833539962769,424,0.0008143937448039651,5.267260803520912e-06,0.00021132678375579417,5.445421720651211e-06,6.743285484844819e-05,0.9923433065414429,13599
0.08404481410980225,426,0.0006614860030822456,1.3373132787819486e-06,0.000503330200444907,6.029405312801828e-07,6.114313146099448e-05,0.9892858862876892,13649
0.08353502303361893,428,0.005521531216800213,4.726263432530686e-05,0.0003761495463550091,5.36803127033636e-05,9.823454456636682e-05,0.9791642427444458,13699
0.08414538949728012,429,0.0007607323350384831,5.041715667175595e-06,0.0003708737203851342,1.6526984154552338e-06,5.513791256817058e-05,0.991034984588623,13749
0.08433148264884949,431,0.010865307413041592,0.0001394934515701607,0.0004608391900546849,6.684948311885819e-05,8.73213357408531e-05,0.9899693727493286,13799
0.0824599489569664,432,0.0012042047455906868,9.069761290447786e-06,0.0004090183647349477,5.562084879784379e-06,6.359411054290831e-05,0.9929679036140442,13849
0.08293306827545166,434,0.05345933511853218,0.0007207387825474143,0.0006361353443935513,0.00033113069366663694,0.00022972725855652243,0.9911137223243713,13899
0.08658653497695923,435,0.0009477629791945219,6.697200205962872e-06,0.0004232395440340042,2.5910410386131844e-06,6.011140067130327e-05,0.9978668689727783,13949
0.08523717522621155,437,0.0005765700479969382,7.290730650311161e-07,0.0004718731506727636,2.806387726650428e-07,5.421130481408909e-05,0.9899411797523499,13999
0.0847843810915947,439,0.006071990355849266,7.256652315845713e-05,0.00038179915281943977,3.9704926166450605e-05,7.661900599487126e-05,0.9892486929893494,14049
0.08285511285066605,440,0.000765226548537612,1.5226723917294294e-06,0.0005020642420277,2.4488867893524002e-06,6.458428833866492e-05,0.9939982295036316,14099
0.08482073247432709,442,0.0005429834127426147,4.109823521503131e-07,0.0004580367240123451,3.503063794596528e-07,4.688225089921616e-05,0.9905726909637451,14149
0.08420001715421677,443,0.0012592836283147335,5.632292413793039e-06,0.00042319964268244803,9.856255019258242e-06,6.165661761770025e-05,0.9868987798690796,14199
0.08392851054668427,445,0.0016341600567102432,1.0625861250446178e-05,0.0004512920859269798,1.1641582204902079e-05,6.949567614356056e-05,0.9944365620613098,14249
0.08553393185138702,446,0.03275351971387863,0.0002053005009656772,0.0009298817021772265,0.00042615021811798215,0.000251101067988202,0.9814210534095764,14299
0.07695474475622177,448,0.0026478981599211693,1.3604702871816698e-05,0.0005570190260186791,2.675057294254657e-05,7.311515946639702e-05,0.9706040620803833,14349
0.08480247855186462,449,0.0006299189408309758,9.490173624726594e-07,0.0005047278827987611,4.97371786423173e-07,5.2871619118377566e-05,0.9988725185394287,14399
0.08457779884338379,451,0.0004420113982632756,4.307287326810183e-07,0.00035946961725130677,1.7183879208459985e-07,5.241340841166675e-05,0.9934223294258118,14449
0.08553026616573334,453,0.0005140257999300957,4.0929958800006716e-07,0.0004293388337828219,2.57750940590995e-07,5.133443482918665e-05,0.9901378750801086,14499
0.08474626392126083,454,0.0005278483731672168,5.330114731805224e-07,0.0004347827343735844,2.864906321065064e-07,5.2090519602643326e-05,0.9905112385749817,14549
0.08571919798851013,456,0.00077619100920856,2.2941142105992185e-06,0.0005714042345061898,9.08073218397476e-07,4.467742837732658e-05,0.989108681678772,14599
0.08518820255994797,457,0.00047049560816958547,6.888867005727661e-07,0.0003666587290354073,4.862140485784039e-07,4.5081858843332157e-05,0.9907597899436951,14649
0.08497696369886398,459,0.0005598439602181315,2.3223815333039965e-06,0.000342867017025128,1.0165077810597722e-06,5.003244586987421e-05,0.9919762015342712,14699
0.08671417087316513,460,0.0010315607069060206,4.573109436023515e-06,0.00044422701466828585,6.196675258252071e-06,4.8844507546164095e-05,0.9915834069252014,14749
0.08554936945438385,462,0.0006066829664632678,3.20277194987284e-06,0.0002958376717288047,2.0764473447343335e-06,4.688428089139052e-05,0.994327962398529,14799
0.08704956620931625,464,0.000524541363120079,5.107693255013146e-07,0.00044387162779457867,1.7061185531019873e-07,4.660067497752607e-05,0.989578902721405,14849
0.08651646226644516,465,0.0006958426674827933,1.5229364862534567e-06,0.0005402284441515803,6.479911007772898e-07,4.7067853301996365e-05,0.9908318519592285,14899
0.08545678853988647,467,0.0010462075006216764,6.353587195917498e-06,0.00040874991100281477,5.2749983296962455e-06,5.602824967354536e-05,0.9944411516189575,14949
0.08668668568134308,468,0.00038859518826939166,4.4129006937509985e-07,0.0002903134736698121,5.70507609154447e-07,4.769181032315828e-05,0.9934684038162231,14999
0.08802951127290726,470,0.0006395620293915272,1.2166851774964016e-06,0.00046974539873190224,1.2458467608666979e-06,4.669003828894347e-05,0.9877851605415344,15049
0.08609694987535477,471,0.02897275611758232,0.00032512054895050824,0.00039336259942501783,0.00024407246382907033,0.00011974330845987424,0.9891526103019714,15099
0.08759961277246475,473,0.0006955185672268271,3.565810402506031e-06,0.0003628043341450393,2.1445082438731333e-06,4.719825301435776e-05,0.9974724650382996,15149
0.08739525824785233,474,0.009638933464884758,0.00011566857574507594,0.00029161901329644024,6.998807657510042e-05,6.448147178161889e-05,0.990763783454895,15199
0.08572491258382797,476,0.0004404213686939329,9.141518830801942e-07,0.0003003976889885962,9.953962489817059e-07,4.454626468941569e-05,0.9939607381820679,15249
0.08793386816978455,478,0.00486303586512804,5.4271968110697344e-05,0.000491664744913578,3.195904355379753e-05,5.982046059216373e-05,0.9884368181228638,15299
0.08848754316568375,479,0.002427825005725026,2.230209793196991e-05,0.0004055611789226532,1.7087393644033e-05,5.2789262554142624e-05,0.9947214126586914,15349
0.08799778670072556,481,0.0014716254081577063,9.623952792026103e-06,0.0005063076969236135,8.690479262440931e-06,4.959604484611191e-05,0.9904939532279968,15399
0.08838067203760147,482,0.003974010236561298,4.0859333239495754e-05,0.0004032389260828495,2.9484690458048135e-05,5.357000554795377e-05,0.9895912408828735,15449
0.08749415725469589,484,0.004103993531316519,4.222720235702582e-05,0.0004973041359335184,2.884233254007995e-05,5.3212592320051044e-05,0.993521511554718,15499
0.0878693088889122,485,0.00935080274939537,9.6820222097449e-05,0.0003430540964473039,8.197676652343944e-05,6.789890176150948e-05,0.9947419762611389,15549
0.08944276720285416,487,0.003312742104753852,3.3350901503581554e-05,0.0005810732254758477,2.0232815586496145e-05,5.2483079343801364e-05,0.9942606091499329,15599
0.08777820318937302,489,0.0008161223959177732,3.570222133930656e-06,0.0003392799408175051,4.834079391002888e-06,5.6627439334988594e-05,0.9914550185203552,15649
0.08755233138799667,490,0.053068287670612335,0.0004089229623787105,0.0012586044613271952,0.0006174626178108156,0.0004904021043330431,0.9861852526664734,15699
0.08077841997146606,492,0.0013914910377934575,1.2998944839637261e-05,0.0003687718417495489,6.140490768302698e-06,6.574729195563123e-05,0.9838112592697144,15749
0.0884254053235054,493,0.00047027019900269806,4.5982017127244035e-07,0.00036982851452194154,5.514302756637335e-07,4.987914871890098e-05,1.0020614862442017,15799
0.0888785645365715,495,0.0005439165979623795,5.009541155232e-07,0.00045885430881753564,1.9213527480133052e-07,5.0407819799147546e-05,0.9937012791633606,15849
0.08931323140859604,496,0.0004887242102995515,9.989399814003264e-07,0.00036905345041304827,5.68613131690654e-07,4.1293107642559335e-05,0.9924264550209045,15899
0.08824856579303741,498,0.00046432047383859754,3.4327547382417833e-07,0.0003966884105466306,1.1831428992081783e-07,4.455258749658242e-05,0.9906988143920898,15949
0.08903346955776215,499,0.0004408141248859465,1.1673665767375496e-06,0.00030896009411662817,6.516036137327319e-07,4.0905564674176276e-05,0.9912558794021606,15999
