D,epoch,loss,loss_data,loss_pde,r,step
0.13358856737613678,1,0.11823698878288269,0.11224706470966339,0.005989922676235437,0.979546070098877,49
0.2054508924484253,3,0.057157017290592194,0.050850555300712585,0.006306460592895746,0.9617413282394409,99
0.2056684046983719,4,0.02111087366938591,0.016554094851017,0.004556778818368912,0.9406494498252869,149
0.13277475535869598,6,0.010819120332598686,0.00882948562502861,0.0019896349404007196,0.9277955293655396,199
0.07249635457992554,7,0.009878519922494888,0.009025398641824722,0.0008531208732165396,0.9213925004005432,249
0.03732994943857193,9,0.004494969733059406,0.004257946740835905,0.00023702307953499258,0.9181599617004395,299
0.025269819423556328,10,0.0031534568406641483,0.002969878725707531,0.00018357823137193918,0.9165199398994446,349
0.021621981635689735,12,0.002070582238957286,0.001745198154821992,0.00032538402592763305,0.9162597060203552,399
0.023431358858942986,14,0.0016092058504000306,0.0012695156037807465,0.0003396902175154537,0.9165955781936646,449
0.027615441009402275,15,0.0009107169462367892,0.0008426717249676585,6.804519216530025e-05,0.9171379804611206,499
0.03343309089541435,17,0.0007673943182453513,0.0006576415034942329,0.00010975282202707604,0.9181308150291443,549
0.03874080628156662,18,0.0011046273866668344,0.001039647264406085,6.49801004328765e-05,0.9191706776618958,599
0.04158860072493553,20,0.0008440210367552936,0.0006617569597437978,0.0001822640624595806,0.9202889204025269,649
0.04467237740755081,21,0.0009799214312806726,0.0008010835153982043,0.00017883787222672254,0.9212934374809265,699
0.04914809763431549,23,0.0009832567302510142,0.000735870620701462,0.0002473861095495522,0.9220126271247864,749
0.05008196830749512,24,0.0008216797141358256,0.0006521837203763425,0.00016949597920756787,0.9228894710540771,799
0.05304702743887901,26,0.0007052654400467873,0.0006232670857571065,8.199833973776549e-05,0.9236060380935669,849
0.055097293108701706,28,0.000571342883631587,0.0004640186671167612,0.00010732423834269866,0.9247266054153442,899
0.05759124830365181,29,0.0006199802737683058,0.0005436512874439359,7.632901542820036e-05,0.9258726239204407,949
0.05956033989787102,31,0.0005068093305453658,0.00044115717173554003,6.565214425791055e-05,0.9269320368766785,999
0.06006520241498947,32,0.0010115019977092743,0.0007607031147927046,0.0002507989411242306,0.9279717803001404,1049
0.061586953699588776,34,0.0006990128895267844,0.0006569190882146358,4.2093823140021414e-05,0.9286842942237854,1099
0.06299961358308792,35,0.0010061194188892841,0.0008509015897288918,0.0001552178437123075,0.9293267130851746,1149
0.0650193840265274,37,0.0006242773961275816,0.0005477205268107355,7.655689114471897e-05,0.929465651512146,1199
0.06600485742092133,39,0.0006362147396430373,0.0005472411867231131,8.897358202375472e-05,0.9305405020713806,1249
0.06724324077367783,40,0.0006635693716816604,0.0005839610239490867,7.96083259047009e-05,0.9317845702171326,1299
0.06749250739812851,42,0.0005178104620426893,0.0004376043798401952,8.02060603746213e-05,0.933005690574646,1349
0.06907516717910767,43,0.000538281281478703,0.0004623555578291416,7.592569454573095e-05,0.9341699481010437,1399
0.07062866538763046,45,0.0006552985869348049,0.0005771091673523188,7.81893904786557e-05,0.9350239634513855,1449
0.07123292982578278,46,0.0005328211118467152,0.0003690198063850403,0.0001638012909097597,0.9355558156967163,1499
0.07203840464353561,48,0.0004879370972048491,0.00040838285349309444,7.955423643579707e-05,0.9357507228851318,1549
0.07189896702766418,49,0.0005812849849462509,0.0004154635244049132,0.00016582146054133773,0.936635434627533,1599
0.07315817475318909,51,0.0009938229341059923,0.0008217997383326292,0.00017202316666953266,0.9367982745170593,1649
0.07322505861520767,53,0.0009233547607436776,0.0008283966453745961,9.495810809312388e-05,0.9366615414619446,1699
0.07492250949144363,54,0.0007073063752613962,0.0006603595102205873,4.6946854126872495e-05,0.9376232028007507,1749
0.07556571811437607,56,0.000595988123677671,0.0005507769528776407,4.521116352407262e-05,0.9384548664093018,1799
0.07679857313632965,57,0.000505939475260675,0.0004388728993944824,6.706660497002304e-05,0.9390086531639099,1849
0.07547156512737274,59,0.0011037441436201334,0.0008066464215517044,0.0002970977802760899,0.9400261640548706,1899
0.07625249028205872,60,0.0008272755658254027,0.0006037468556314707,0.00022352871019393206,0.9414286613464355,1949
0.07603536546230316,62,0.000807453237939626,0.0006232379237189889,0.0001842153287725523,0.9421626925468445,1999
0.07719550281763077,64,0.000618956983089447,0.0004617192898876965,0.00015723772230558097,0.9423257112503052,2049
0.07761234790086746,65,0.0004643015854526311,0.00043749730684794486,2.6804291337612085e-05,0.9418673515319824,2099
0.07672610133886337,67,0.0005744599620811641,0.0005193925462663174,5.5067441280698404e-05,0.9427259564399719,2149
0.07887584716081619,68,0.000935601070523262,0.0006909328512847424,0.0002446681901346892,0.9431883096694946,2199
0.07751105725765228,70,0.0010334608377888799,0.0007388071971945465,0.00029465361149050295,0.9436979293823242,2249
0.080178402364254,71,0.0004780957824550569,0.0004151641041971743,6.29316782578826e-05,0.9436466097831726,2299
0.08145339041948318,73,0.0005421863752417266,0.00043206699774600565,0.00011011937749572098,0.9416844248771667,2349
0.07931949943304062,74,0.0005613338435068727,0.0005263478960841894,3.4985965612577274e-05,0.9417401552200317,2399
0.07910911738872528,76,0.0006390169728547335,0.0005455657956190407,9.34511554078199e-05,0.9415183067321777,2449
0.07743090391159058,78,0.0008061188855208457,0.0006970810354687274,0.00010903782822424546,0.941291868686676,2499
0.07906276732683182,79,0.0004439357144292444,0.00041802041232585907,2.5915305741364136e-05,0.9421713948249817,2549
0.07976946979761124,81,0.0004945857799611986,0.000435049383668229,5.953641448286362e-05,0.944232702255249,2599
0.08000452816486359,82,0.0005538034019991755,0.0004987682914361358,5.503512511495501e-05,0.9434334635734558,2649
0.07918738573789597,84,0.0004981972160749137,0.00045577617129310966,4.2421070247655734e-05,0.9447371959686279,2699
0.07992128282785416,85,0.0004364514024928212,0.00039215548895299435,4.429592445376329e-05,0.9465099573135376,2749
0.0804167091846466,87,0.0004826005606446415,0.0004512187442742288,3.138181637041271e-05,0.947343647480011,2799
0.08181853592395782,89,0.0009925367776304483,0.0008323920192196965,0.00016014472930692136,0.9486861228942871,2849
0.08235111832618713,90,0.0015470421640202403,0.0014035409549251199,0.00014350122364703566,0.9495020508766174,2899
0.08174905925989151,92,0.0004929743008688092,0.0004587530274875462,3.4221302485093474e-05,0.9482232332229614,2949
0.08312045782804489,93,0.0006272437749430537,0.000573589582927525,5.36542029294651e-05,0.9499952793121338,2999
0.08323448896408081,95,0.0007045050151646137,0.0006861772271804512,1.83278043550672e-05,0.9504294991493225,3049
0.08268965035676956,96,0.0007784704212099314,0.0005920417606830597,0.00018642866052687168,0.9497135877609253,3099
0.08175572752952576,98,0.0006970088579691947,0.0006669004797004163,3.010838554473594e-05,0.9500035047531128,3149
0.08194518089294434,99,0.0006705904961563647,0.000620518927462399,5.007157233194448e-05,0.9502535462379456,3199
0.08294782787561417,101,0.0004306339251343161,0.0003704408591147512,6.019307693350129e-05,0.9508920907974243,3249
0.08323182910680771,103,0.0005441029206849635,0.00048288481775671244,6.121808110037819e-05,0.9518889784812927,3299
0.08346172422170639,104,0.0008844919502735138,0.0005878972006030381,0.00029659472056664526,0.9524280428886414,3349
0.0824679583311081,106,0.0011317479657009244,0.0008229213999584317,0.00030882659484632313,0.9523940682411194,3399
0.08355579525232315,107,0.00041015585884451866,0.00037829377106390893,3.186208050465211e-05,0.9534377455711365,3449
0.08422847092151642,109,0.0006514940760098398,0.000539839849807322,0.00011165421892656013,0.9535130858421326,3499
0.08391549438238144,110,0.0008574135135859251,0.0006947899237275124,0.00016262357530649751,0.9535762667655945,3549
0.08526428788900375,112,0.0012220554053783417,0.0008760725613683462,0.000345982814906165,0.9521952271461487,3599
0.08439797908067703,114,0.00037248453008942306,0.0003399560519028455,3.252848910051398e-05,0.9518914222717285,3649
0.08524924516677856,115,0.0012039190623909235,0.0011163451708853245,8.757383329793811e-05,0.9539435505867004,3699
0.08540746569633484,117,0.0006657849880866706,0.0005719443433918059,9.384064469486475e-05,0.9552631974220276,3749
0.08688333630561829,118,0.000597730278968811,0.0005300356424413621,6.769462925149128e-05,0.9560505151748657,3799
0.08746697753667831,120,0.0006392598152160645,0.0005327321705408394,0.0001065276373992674,0.9571544528007507,3849
0.0893135666847229,121,0.0008507954189553857,0.0006535656284540892,0.00019722976139746606,0.9502536058425903,3899
0.08744300901889801,123,0.0006410367204807699,0.0005902904667891562,5.074625005363487e-05,0.9503611922264099,3949
0.08632824569940567,124,0.0007906285463832319,0.0006382843712344766,0.0001523441751487553,0.9519870281219482,3999
0.08722593635320663,126,0.000357352924766019,0.0003203339292667806,3.7019002775195986e-05,0.9544473886489868,4049
0.08677901327610016,128,0.0005511508788913488,0.0005070362822152674,4.4114585762145e-05,0.9551424384117126,4099
0.08819106221199036,129,0.000524608010891825,0.0005005231942050159,2.4084791220957413e-05,0.9559128284454346,4149
0.08840610831975937,131,0.0005259897443465889,0.0005040983087383211,2.1891455617151223e-05,0.9568710923194885,4199
0.08881846815347672,132,0.0005910961190238595,0.0005287693929858506,6.232672603800893e-05,0.9579225778579712,4249
0.0881153792142868,134,0.0013693663058802485,0.0010941051878035069,0.00027526108897291124,0.9590305685997009,4299
0.08845975995063782,135,0.0008250896353274584,0.0005845758132636547,0.0002405138366157189,0.9607797265052795,4349
0.08812100440263748,137,0.0008283260394819081,0.0007109525613486767,0.00011737348540918902,0.959265947341919,4399
0.08802632242441177,139,0.0012045655166730285,0.0010098284110426903,0.00019473712018225342,0.9579830169677734,4449
0.08692765235900879,140,0.0007241176790557802,0.0007064113742671907,1.7706299331621267e-05,0.9551260471343994,4499
0.08662150055170059,142,0.0005391050362959504,0.0004409580142237246,9.814702934818342e-05,0.9564432501792908,4549
0.08786526322364807,143,0.0005597680574283004,0.000522057234775275,3.771081901504658e-05,0.9585402011871338,4599
0.08960890024900436,145,0.0005439918022602797,0.0004409838584251702,0.0001030079583870247,0.9577478766441345,4649
0.08964461833238602,146,0.0004981306847184896,0.0004438393225427717,5.4291391279548407e-05,0.9586858153343201,4699
0.08998376876115799,148,0.0007861337508074939,0.0006606635288335383,0.00012547023652587086,0.9573783278465271,4749
0.08958934247493744,149,0.0016316609689965844,0.0013974865432828665,0.00023417438205797225,0.9581214785575867,4799
0.09015706926584244,151,0.000352877308614552,0.0003198467893525958,3.3030504710040987e-05,0.9595304727554321,4849
0.08858290314674377,153,0.0003874690446536988,0.00036681443452835083,2.0654622858273797e-05,0.9577727317810059,4899
0.08862878382205963,154,0.00032777266460470855,0.0002769553102552891,5.081734707346186e-05,0.9596819877624512,4949
0.08946222066879272,156,0.00036104407627135515,0.00035130721516907215,9.736868378240615e-06,0.9606860280036926,4999
0.09064726531505585,157,0.0008520495030097663,0.000727417238522321,0.00012463227903936058,0.961428165435791,5049
0.08930123597383499,159,0.0004603301640599966,0.0004441979981493205,1.6132171367644332e-05,0.9629376530647278,5099
0.09016977250576019,160,0.0005926175508648157,0.00047963159158825874,0.00011298593017272651,0.9610069990158081,5149
0.09177315980195999,162,0.0004997398937121034,0.00044934346806257963,5.039640382165089e-05,0.960719108581543,5199
0.0898609310388565,164,0.0005340041825547814,0.0004248914774507284,0.00010911269055213779,0.9622423052787781,5249
0.09060247987508774,165,0.0005246682558208704,0.0004342100291978568,9.045823389897123e-05,0.9644232988357544,5299
0.09104938060045242,167,0.0009221398504450917,0.0007765847258269787,0.00014555512461811304,0.9642486572265625,5349
0.08959411829710007,168,0.0006127424421720207,0.0005598317948170006,5.2910672820871696e-05,0.959079921245575,5399
0.09020057320594788,170,0.000594682467635721,0.0005516254459507763,4.305699985707179e-05,0.9600866436958313,5449
0.09017811715602875,171,0.0010133174946531653,0.0006976836593821645,0.0003156338061671704,0.9594789743423462,5499
0.09189395606517792,173,0.0006954608834348619,0.0006042129243724048,9.124795178649947e-05,0.9585646986961365,5549
0.09190698713064194,174,0.0006106139626353979,0.0005731556448154151,3.74583360098768e-05,0.9604358077049255,5599
0.09030013531446457,176,0.000982894329354167,0.0009094831184484065,7.341126911342144e-05,0.9623492956161499,5649
0.0914819985628128,178,0.0005375570617616177,0.0005182448076084256,1.9312255972181447e-05,0.9603960514068604,5699
0.0935140922665596,179,0.0004886111710220575,0.000459931674413383,2.8679471142822877e-05,0.9613415002822876,5749
0.09168390929698944,181,0.0007903578225523233,0.0006778251845389605,0.0001125326452893205,0.9639818668365479,5799
0.09199517965316772,182,0.000584014633204788,0.000502171867992729,8.184276521205902e-05,0.9637297987937927,5849
0.09438864886760712,184,0.0008947584428824484,0.00082702114013955,6.77373245707713e-05,0.9629933834075928,5899
0.09343887865543365,185,0.0009197764447890222,0.0008670726674608886,5.2703773690154776e-05,0.9610145092010498,5949
0.09335286915302277,187,0.0006717971991747618,0.0006112139672040939,6.058323197066784e-05,0.9611719250679016,5999
0.09116660058498383,189,0.00039296012255363166,0.0003800187259912491,1.2941391105414368e-05,0.9605159759521484,6049
0.09169306606054306,190,0.000968562497291714,0.0009118887828662992,5.66737144254148e-05,0.9583704471588135,6099
0.0916249006986618,192,0.0008226310019381344,0.0006623350782319903,0.00016029593825805932,0.9577396512031555,6149
0.09160558134317398,193,0.0005666959332302213,0.000541993766091764,2.470213803462684e-05,0.9576953053474426,6199
0.09501856565475464,195,0.0008004950359463692,0.000743298907764256,5.719612818211317e-05,0.9555792212486267,6249
0.0937008187174797,196,0.0008077055681496859,0.0006160454358905554,0.00019166011770721525,0.9550663232803345,6299
0.09259389340877533,198,0.0007883179932832718,0.0006835467647761106,0.00010477122850716114,0.955936074256897,6349
0.09182967990636826,199,0.000587504415307194,0.0004772238025907427,0.00011028060544049367,0.9602668285369873,6399
0.09231652319431305,201,0.0005536143435165286,0.0005142829031683505,3.9331469452008605e-05,0.9635851979255676,6449
0.0917225182056427,203,0.0005069271428510547,0.000472972693387419,3.395444218767807e-05,0.9642862677574158,6499
0.09321028739213943,204,0.0004726876795757562,0.0004310530493967235,4.163463381701149e-05,0.9629018902778625,6549
0.09201624244451523,206,0.0008570061763748527,0.000721911434084177,0.0001350947277387604,0.9631680250167847,6599
0.0929533988237381,207,0.000432000175351277,0.00040954857831820846,2.245160794700496e-05,0.9649633169174194,6649
0.09238336235284805,209,0.0005997347179800272,0.000531477970071137,6.825674790889025e-05,0.9666281938552856,6699
0.09266643971204758,210,0.0004366650537122041,0.0004258780973032117,1.0786960046971217e-05,0.9672445058822632,6749
0.0931554064154625,212,0.0005523514118976891,0.0005020604585297406,5.029094245401211e-05,0.9677608609199524,6799
0.09212083369493484,214,0.0005067853489890695,0.00046299034147523344,4.379502570373006e-05,0.9672588109970093,6849
0.09337832778692245,215,0.001047545694746077,0.0006868635537102818,0.00036068211193196476,0.9659867286682129,6899
0.09489744901657104,217,0.0009398101246915758,0.0008120473939925432,0.00012776274525094777,0.9615955948829651,6949
0.09198836982250214,218,0.0003917453868780285,0.0003327463928144425,5.899898678762838e-05,0.9670899510383606,6999
0.09188083559274673,220,0.0005678317975252867,0.0005359361530281603,3.1895640859147534e-05,0.9669662714004517,7049
0.09298110008239746,221,0.00046513971756212413,0.00044387602247297764,2.1263695089146495e-05,0.9674379229545593,7099
0.09291394054889679,223,0.0006563187926076353,0.0006141685880720615,4.215020817355253e-05,0.9696521759033203,7149
0.093767911195755,224,0.000538509339094162,0.00046451512025669217,7.399421883746982e-05,0.9674405455589294,7199
0.09293089807033539,226,0.0005457977531477809,0.0004781088209711015,6.768893945263699e-05,0.9675226211547852,7249
0.0938328430056572,228,0.0005064209690317512,0.00048019675887189806,2.6224228349747136e-05,0.9635066390037537,7299
0.0923042967915535,229,0.00046979112084954977,0.000435279420344159,3.4511696867411956e-05,0.9660875201225281,7349
0.09218693524599075,231,0.0010161795653402805,0.0008867075084708631,0.00012947211507707834,0.9692599177360535,7399
0.09353764355182648,232,0.0009905173210427165,0.0009693526080809534,2.1164720237720758e-05,0.9697901010513306,7449
0.09427286684513092,234,0.0004884137888439,0.0004507982521317899,3.761555490200408e-05,0.9604945778846741,7499
0.09367942810058594,235,0.0005615864647552371,0.0005422361427918077,1.9350320144440047e-05,0.9610403180122375,7549
0.09412220865488052,237,0.00041991600301116705,0.0003839576675090939,3.595833186409436e-05,0.965641975402832,7599
0.09568279981613159,239,0.0006743786507286131,0.0006582887144759297,1.6089921700768173e-05,0.9710402488708496,7649
0.09509257972240448,240,0.0005398965440690517,0.00048470916226506233,5.518736725207418e-05,0.9707961082458496,7699
0.09530339390039444,242,0.0006367666646838188,0.0005295569426380098,0.00010720970021793619,0.9687833189964294,7749
0.09537062048912048,243,0.0005777080077677965,0.000560350832529366,1.735716068651527e-05,0.9699656963348389,7799
0.0937708392739296,245,0.00054937694221735,0.00048801611410453916,6.136081356089562e-05,0.9685774445533752,7849
0.0932154655456543,246,0.000768193625845015,0.000672296853736043,9.589680121280253e-05,0.9669278860092163,7899
0.0945960059762001,248,0.0003970105608459562,0.0003507476067170501,4.6262961404863745e-05,0.9665488600730896,7949
0.0937713012099266,249,0.0006625662790611386,0.000645377323962748,1.7188958736369386e-05,0.9648163914680481,7999
0.09412429481744766,251,0.000568451767321676,0.0005341272335499525,3.432451921980828e-05,0.9669923186302185,8049
0.09313321858644485,253,0.0006763212149962783,0.0005927224992774427,8.359873027075082e-05,0.9688395857810974,8099
0.09337981045246124,254,0.0009273389587178826,0.000897561083547771,2.9777898816973902e-05,0.9691753387451172,8149
0.09251604229211807,256,0.0006517790607176721,0.000641915132291615,9.86395389190875e-06,0.9605501890182495,8199
0.09212641417980194,257,0.0006073250551708043,0.0005605238256976008,4.6801236749161035e-05,0.9597333073616028,8249
0.09373155236244202,259,0.0004916887264698744,0.0004818637971766293,9.824916560319252e-06,0.9605637788772583,8299
0.09397570788860321,260,0.0003842067962978035,0.00037130722193978727,1.2899572539026849e-05,0.9669404625892639,8349
0.09571535885334015,262,0.0006592230638489127,0.0005636214627884328,9.560157923260704e-05,0.969482958316803,8399
0.09547024220228195,264,0.0008138443226926029,0.000756013032514602,5.7831279264064506e-05,0.9693797826766968,8449
0.09471337497234344,265,0.0004527234996203333,0.0004119437653571367,4.077972698723897e-05,0.9699605107307434,8499
0.09460050612688065,267,0.00039645604556426406,0.00037064633215777576,2.5809726139414124e-05,0.9705604314804077,8549
0.09422952681779861,268,0.0006418563425540924,0.0005875768256373703,5.427952783065848e-05,0.9719020128250122,8599
0.0954127311706543,270,0.0005496738594956696,0.0005332065629772842,1.646732198423706e-05,0.9696993231773376,8649
0.09679416567087173,271,0.0005146776093170047,0.0004143775440752506,0.00010030005068983883,0.9680168628692627,8699
0.09553955495357513,273,0.0003856710682157427,0.00034347589826211333,4.2195180867565796e-05,0.9625784158706665,8749
0.09465156495571136,274,0.000522949150763452,0.0004534191102720797,6.95300695952028e-05,0.9640686511993408,8799
0.09434245526790619,276,0.0005074500804767013,0.0004239130357746035,8.353704470209777e-05,0.9651033282279968,8849
0.09466676414012909,278,0.00040582657675258815,0.0003722558612935245,3.357072273502126e-05,0.9655156135559082,8899
0.0950300395488739,279,0.0006031493539921939,0.000587899296078831,1.5250038813974243e-05,0.9722595810890198,8949
0.09431789070367813,281,0.000856751692481339,0.0007845436339266598,7.220803672680631e-05,0.9721051454544067,8999
0.09469614177942276,282,0.0003756253863684833,0.00034657400101423264,2.9051392630208284e-05,0.9707386493682861,9049
0.09421340376138687,284,0.0005782113294117153,0.0004500853829085827,0.00012812593195121735,0.9722796678543091,9099
0.09409181028604507,285,0.000394895498175174,0.0003831752110272646,1.1720282600435894e-05,0.970939040184021,9149
0.09426169097423553,287,0.000467741017928347,0.00041303460602648556,5.470642281579785e-05,0.9684262871742249,9199
0.09546386450529099,289,0.0005515398224815726,0.0004596497747115791,9.189005504595116e-05,0.967063307762146,9249
0.09484224021434784,290,0.0006225698161870241,0.0005937034729868174,2.886635957111139e-05,0.9662972092628479,9299
0.09455268830060959,292,0.0006206044345162809,0.0005659587332047522,5.46457085874863e-05,0.9703891277313232,9349
0.09439301490783691,293,0.0005261074984446168,0.0004970844020135701,2.9023121896898374e-05,0.9709227085113525,9399
0.09590558707714081,295,0.0006430977955460548,0.0005646501667797565,7.844763604225591e-05,0.9691430330276489,9449
0.09312258660793304,296,0.001047144178301096,0.0010158636141568422,3.1280607799999416e-05,0.9697211980819702,9499
0.0950983539223671,298,0.0005782428197562695,0.000512640574015677,6.560223118867725e-05,0.9706598520278931,9549
0.09442182630300522,299,0.0010308015625923872,0.0008358374470844865,0.00019496407185215503,0.9705578684806824,9599
0.09520528465509415,301,0.0007449367549270391,0.0006421377183869481,0.00010279900743626058,0.9723092317581177,9649
0.09607511758804321,303,0.000538273190613836,0.0005043881246820092,3.388508048374206e-05,0.9694950580596924,9699
0.09760240465402603,304,0.0005982135189697146,0.0005461848340928555,5.202867396292277e-05,0.9614974856376648,9749
0.09723730385303497,306,0.0006990222609601915,0.0006292638136073947,6.975844007683918e-05,0.9656126499176025,9799
0.09586678445339203,307,0.0006136042065918446,0.0004910524003207684,0.00012255177716724575,0.9694271683692932,9849
0.09461208432912827,309,0.00046456436393782496,0.00045975070679560304,4.813664418179542e-06,0.9699790477752686,9899
0.09592396765947342,310,0.0007243876461870968,0.0006569517427124083,6.743590347468853e-05,0.9746910333633423,9949
0.09712522476911545,312,0.0005604512989521027,0.000528093078173697,3.235819167457521e-05,0.9749853014945984,9999
0.09620604664087296,314,0.0010553223546594381,0.0010226862505078316,3.2636133255437016e-05,0.9760040640830994,10049
0.09665598720312119,315,0.00033340288791805506,0.0003200904466211796,1.3312440387380775e-05,0.9743706583976746,10099
0.09496768563985825,317,0.00054341577924788,0.0004931807052344084,5.0235084927408025e-05,0.972662091255188,10149
0.09523489326238632,318,0.0005572811933234334,0.00048018235247582197,7.709881901973858e-05,0.9747012257575989,10199
0.0956813246011734,320,0.0006955575081519783,0.0006000404246151447,9.551710536470637e-05,0.9691454172134399,10249
0.09493985027074814,321,0.0004169098101556301,0.00039115463732741773,2.57551837421488e-05,0.9673627614974976,10299
0.0963636264204979,323,0.00048225221689790487,0.00036241786438040435,0.00011983433796558529,0.9731563329696655,10349
0.0969575047492981,324,0.00023188008344732225,0.00021562044275924563,1.6259640688076615e-05,0.9730243682861328,10399
0.09543013572692871,326,0.00041717287967912853,0.00039247312815859914,2.4699749701539986e-05,0.9685074687004089,10449
0.09340573102235794,328,0.000724530778825283,0.0006267761928029358,9.775455691851676e-05,0.9699249267578125,10499
0.09579846262931824,329,0.0003561986959539354,0.00029896092019043863,5.723776121158153e-05,0.9709545969963074,10549
0.09600679576396942,331,0.0004608733579516411,0.00041214009979739785,4.873326179222204e-05,0.9753317832946777,10599
0.09655473381280899,332,0.0006313606281764805,0.0005258986493572593,0.0001054620006470941,0.9750144481658936,10649
0.09658727794885635,334,0.0003808871260844171,0.0003666538977995515,1.4233217370929196e-05,0.9748330116271973,10699
0.09306417405605316,335,0.0007068153354339302,0.0006706881686113775,3.612715954659507e-05,0.9722005128860474,10749
0.09640054404735565,337,0.0007500473875552416,0.0006680673104710877,8.198010618798435e-05,0.9699446558952332,10799
0.09750974178314209,339,0.0005160666187293828,0.0004922777879983187,2.3788803446223028e-05,0.9702904224395752,10849
0.0962219163775444,340,0.0004794619744643569,0.0004117421340197325,6.77198258927092e-05,0.9724719524383545,10899
0.09693490713834763,342,0.0004960657097399235,0.0004683806619141251,2.7685064196703024e-05,0.9696687459945679,10949
0.09624339640140533,343,0.0004421425110194832,0.00042400567326694727,1.8136826838599518e-05,0.9691588282585144,10999
0.09604544937610626,345,0.0005411884631030262,0.0005013387999497354,3.984968498116359e-05,0.9750800728797913,11049
0.09502045065164566,346,0.0016237852396443486,0.0014482439728453755,0.00017554126679897308,0.9659353494644165,11099
0.09488057345151901,348,0.0006534627755172551,0.0006221727817319334,3.128999378532171e-05,0.9625547528266907,11149
0.09716968983411789,349,0.0007474666344933212,0.0007203345885500312,2.713206413318403e-05,0.9687708020210266,11199
0.09640137106180191,351,0.00041347602382302284,0.0003689542645588517,4.452176654012874e-05,0.9737226366996765,11249
0.09519939869642258,353,0.000891409523319453,0.0007726114708930254,0.00011879803787451237,0.9744751453399658,11299
0.0957079604268074,354,0.0006176451570354402,0.0005920457188040018,2.5599421860533766e-05,0.9761490821838379,11349
0.09490750730037689,356,0.0003954138664994389,0.00038649141788482666,8.922451343096327e-06,0.9735519289970398,11399
0.09503122419118881,357,0.0008288241806440055,0.0007405756041407585,8.824858377920464e-05,0.973802387714386,11449
0.09489192813634872,359,0.0006362583371810615,0.0006134237628430128,2.2834577976027504e-05,0.9702896475791931,11499
0.0959719717502594,360,0.0005847822176292539,0.0005456155631691217,3.91666435461957e-05,0.9706544876098633,11549
0.09502699971199036,362,0.000518163840752095,0.0004481059731915593,7.005786756053567e-05,0.9721329808235168,11599
0.09608598053455353,364,0.0005259909084998071,0.00047110591549426317,5.488499300554395e-05,0.9685737490653992,11649
0.09442375600337982,365,0.000767940771766007,0.0007422056514769793,2.5735127564985305e-05,0.9677812457084656,11699
0.09449955821037292,367,0.0006215404719114304,0.0005530454800464213,6.849502096883953e-05,0.9701784253120422,11749
0.09353598207235336,368,0.0004381178005132824,0.0003743683046195656,6.374949589371681e-05,0.9724993109703064,11799
0.09549123793840408,370,0.0008557865512557328,0.0007276218966580927,0.0001281646400457248,0.9700357913970947,11849
0.0938887745141983,371,0.0009071880485862494,0.0007369382074102759,0.00017024984117597342,0.96685791015625,11899
0.09300270676612854,373,0.000465718301711604,0.0004481476789806038,1.7570619093021378e-05,0.962885320186615,11949
0.09481532126665115,374,0.0004892285796813667,0.0004637383681256324,2.54902242886601e-05,0.9675152897834778,11999
0.09365399926900864,376,0.0006635524332523346,0.0006493901018984616,1.4162335901346523e-05,0.9697713255882263,12049
0.0948513001203537,378,0.0006075993878766894,0.0003931025858037174,0.0002144968166248873,0.9688830375671387,12099
0.09713946282863617,379,0.0007298712735064328,0.0006377322715707123,9.21389801078476e-05,0.9700882434844971,12149
0.09641660004854202,381,0.0006745186983607709,0.0005916132940910757,8.29054115456529e-05,0.9734403491020203,12199
0.09717091917991638,382,0.0004205410659778863,0.0003995795559603721,2.096151001751423e-05,0.9719746708869934,12249
0.09642405062913895,384,0.000818930973764509,0.0007686963654123247,5.023458652431145e-05,0.9752145409584045,12299
0.0960921198129654,385,0.00042981107253581285,0.00042095797834917903,8.853089639160316e-06,0.9770209193229675,12349
0.09448166936635971,387,0.0004921306390315294,0.00048496510135009885,7.165559964050772e-06,0.9758502244949341,12399
0.0964999869465828,389,0.00086289516184479,0.000722036580555141,0.00014085855218581855,0.9751012325286865,12449
0.09786491096019745,390,0.00047929538413882256,0.0004309431533329189,4.8352241719840094e-05,0.9687826633453369,12499
0.09523909538984299,392,0.000527173513546586,0.0005114232772029936,1.5750232705613598e-05,0.9714078307151794,12549
0.09645324945449829,393,0.0004907478578388691,0.0004573821206577122,3.336574445711449e-05,0.9709926247596741,12599
0.09620403498411179,395,0.0005323041114024818,0.0004906777758151293,4.162635013926774e-05,0.9719459414482117,12649
0.09573689103126526,396,0.00039555568946525455,0.00035694707185029984,3.8608624890912324e-05,0.9738349318504333,12699
0.09577187150716782,398,0.0008180671138688922,0.0006470492226071656,0.00017101792036555707,0.9752277731895447,12749
0.09617335349321365,399,0.0004854788421653211,0.00047399033792316914,1.1488508789625484e-05,0.9735370874404907,12799
0.09496735781431198,401,0.00041871986468322575,0.0003952798433601856,2.344001768506132e-05,0.9765336513519287,12849
0.09579199552536011,403,0.0004853545979131013,0.00046525022480636835,2.0104373106732965e-05,0.9760645031929016,12899
0.09876032173633575,404,0.0007602222030982375,0.0006974951829761267,6.272699101828039e-05,0.9761179089546204,12949
0.09518791735172272,406,0.0004826280346605927,0.0004591828037519008,2.3445236365660094e-05,0.9729621410369873,12999
0.0957765057682991,407,0.0004754519322887063,0.00045019653043709695,2.525539639464114e-05,0.9748038649559021,13049
0.09666593372821808,409,0.0005629393272101879,0.0004933028249070048,6.963650957914069e-05,0.9755002856254578,13099
0.09564033150672913,410,0.0005132581572979689,0.0004860766348429024,2.7181549739907496e-05,0.973778486251831,13149
0.0957072526216507,412,0.0006009991047903895,0.0005945178563706577,6.48124068902689e-06,0.9752633571624756,13199
0.09569711238145828,414,0.0006666877306997776,0.0005979667766951025,6.872093217680231e-05,0.976017415523529,13249
0.09609147906303406,415,0.0007493259618058801,0.0007220609695650637,2.7264994059805758e-05,0.9745543003082275,13299
0.09565933048725128,417,0.0005120780551806092,0.0004864863003604114,2.5591756639187224e-05,0.9744858145713806,13349
0.09564749151468277,418,0.0004885107045993209,0.0004591481410898268,2.936259079433512e-05,0.9710894227027893,13399
0.09709712862968445,420,0.0007388988742604852,0.0006273012841120362,0.0001115976192522794,0.9722900390625,13449
0.09493396431207657,421,0.00041894553578458726,0.00038567843148484826,3.326709702378139e-05,0.9720425605773926,13499
0.09723228961229324,423,0.0005464699934236705,0.0005347841652110219,1.1685804565786384e-05,0.9726195335388184,13549
0.09436330199241638,424,0.0005173416575416923,0.0004336813581176102,8.366029214812443e-05,0.9757176637649536,13599
0.09503767639398575,426,0.00041912359301932156,0.000397360825445503,2.1762767573818564e-05,0.9765090942382812,13649
0.09645941108465195,428,0.0005973437218926847,0.0005508397589437664,4.650396658689715e-05,0.9745287895202637,13699
0.09509396553039551,429,0.0004621056141331792,0.00040782647556625307,5.4279134928947315e-05,0.9775441288948059,13749
0.09520621597766876,431,0.000632078037597239,0.000522180343978107,0.0001098976717912592,0.9754220247268677,13799
0.0946783572435379,432,0.0004591911565512419,0.00044440789497457445,1.4783249753236305e-05,0.9748965501785278,13849
0.09494761377573013,434,0.0005159328575246036,0.0005085461307317019,7.3867104219971225e-06,0.9726231098175049,13899
0.09503843635320663,435,0.0006435110117308795,0.00053928088163957,0.00010423011553939432,0.9740845561027527,13949
0.09444595873355865,437,0.0004463444056455046,0.00043258097139187157,1.3763446986558847e-05,0.973328173160553,13999
0.09603940695524216,439,0.000466434023110196,0.00041639903793111444,5.003499245503917e-05,0.9760029911994934,14049
0.09561988711357117,440,0.0003878457937389612,0.0003764759167097509,1.1369887033652049e-05,0.9749864339828491,14099
0.09517521411180496,442,0.000594946788623929,0.000439093098975718,0.000155853689648211,0.9775186777114868,14149
0.09432409703731537,443,0.0007252153591252863,0.0006858147098682821,3.940067472285591e-05,0.973473310470581,14199
0.0954846665263176,445,0.0008089475450105965,0.000780788715928793,2.815881816786714e-05,0.9716869592666626,14249
0.09475590288639069,446,0.0005013940390199423,0.00047172963968478143,2.966439933516085e-05,0.9700615406036377,14299
0.09535622596740723,448,0.0005946401506662369,0.0005715972511097789,2.304288136656396e-05,0.9740990400314331,14349
0.09436402469873428,449,0.0004436285817064345,0.00040483110933564603,3.8797483284724876e-05,0.9764224886894226,14399
0.09738757461309433,451,0.0004573879123199731,0.00043991170241497457,1.747621899994556e-05,0.9734718799591064,14449
0.0965493768453598,453,0.0004720105789601803,0.0004504778189584613,2.153277091565542e-05,0.9765948057174683,14499
0.09599960595369339,454,0.000515637977514416,0.0004583043046295643,5.733369471272454e-05,0.9802224040031433,14549
0.09492983669042587,456,0.0006032239180058241,0.0005872936453670263,1.593028355273418e-05,0.9774581789970398,14599
0.09678603708744049,457,0.0005561417783610523,0.0005430330638773739,1.3108739040035289e-05,0.9760813117027283,14649
0.09705963730812073,459,0.0003362727875355631,0.00032576158992014825,1.0511199434404261e-05,0.9764053225517273,14699
0.0975445881485939,460,0.00043982372153550386,0.00040651715244166553,3.3306554541923106e-05,0.9785829186439514,14749
0.09419850260019302,462,0.00043882837053388357,0.0003716597566381097,6.716859934385866e-05,0.978805661201477,14799
0.09594900906085968,464,0.0004530652076937258,0.0004468073311727494,6.25786924501881e-06,0.978816568851471,14849
0.09548814594745636,465,0.0005031506880186498,0.00048753252485767007,1.5618135876138695e-05,0.9787607192993164,14899
0.09475219249725342,467,0.0005779105122201145,0.0005288777174428105,4.90327765874099e-05,0.9814172387123108,14949
0.09418361634016037,468,0.000563435663934797,0.0005028130835853517,6.062259490136057e-05,0.9800297021865845,14999
0.09610965102910995,470,0.0007003015489317477,0.000633680378086865,6.66211562929675e-05,0.9694700241088867,15049
0.09691672027111053,471,0.00039377299253828824,0.0003854141104966402,8.358879313163925e-06,0.972377359867096,15099
0.0961720272898674,473,0.0005226372159086168,0.0004958297358825803,2.680748548300471e-05,0.973755419254303,15149
0.09645578265190125,474,0.0007102104718796909,0.0006941049941815436,1.6105452232295647e-05,0.9771079421043396,15199
0.0955754816532135,476,0.000600813131313771,0.0005758641054853797,2.494904947525356e-05,0.9782154560089111,15249
0.09508636593818665,478,0.000454879947938025,0.0004411048721522093,1.377507305733161e-05,0.9770174026489258,15299
0.09571869671344757,479,0.000710133055690676,0.0006199183408170938,9.02147003216669e-05,0.9794512391090393,15349
0.09572480618953705,481,0.0002878342638723552,0.0002848994336090982,2.9348434509302024e-06,0.9789198637008667,15399
0.09862951189279556,482,0.0003456859558355063,0.00033339299261569977,1.2292975043237675e-05,0.9736489057540894,15449
0.09792427718639374,484,0.00059156259521842,0.0005695894942618906,2.1973099137539975e-05,0.9733564853668213,15499
0.09691357612609863,485,0.0006818560650572181,0.0006447053165175021,3.715072671184316e-05,0.9763043522834778,15549
0.09366301447153091,487,0.00046004497562535107,0.00045550771756097674,4.537255790637573e-06,0.9783027172088623,15599
0.09508737921714783,489,0.0006259658257476985,0.00048738799523562193,0.00013857784506399184,0.978480875492096,15649
0.09521689265966415,490,0.0009397052344866097,0.0008923129644244909,4.739227006211877e-05,0.9770000576972961,15699
0.09569122642278671,492,0.0005526281893253326,0.0005216785939410329,3.094957355642691e-05,0.9792155623435974,15749
0.09663402289152145,493,0.0004642855783458799,0.00045260152546688914,1.1684060154948384e-05,0.980712890625,15799
0.09472370892763138,495,0.0004724986501969397,0.00041269668145105243,5.980195783195086e-05,0.9804074764251709,15849
0.09399940073490143,496,0.0005418843938969076,0.0005176144768483937,2.4269929781439714e-05,0.9807153344154358,15899
0.09528924524784088,498,0.00046509550884366035,0.0004516111803241074,1.3484319424605928e-05,0.980367124080658,15949
0.09463363885879517,499,0.0003856759867630899,0.00023545839940197766,0.000150217572809197,0.9805623292922974,15999
0.0942811593413353,501,0.00047894290764816105,0.0004712429363280535,7.699960406171158e-06,0.9760685563087463,16049
0.09604685008525848,503,0.0005358865018934011,0.000452113919891417,8.377256745006889e-05,0.9747107028961182,16099
0.09414593130350113,504,0.0004228298203088343,0.00041129649616777897,1.1533319593581837e-05,0.9760180115699768,16149
0.09722800552845001,506,0.0007862870115786791,0.0007093037129379809,7.698332046857104e-05,0.9778939485549927,16199
0.09449340403079987,507,0.0004071552830282599,0.00039224186912178993,1.491341299697524e-05,0.9781213402748108,16249
0.09570939838886261,509,0.00035497313365340233,0.00034505530493333936,9.917815987137146e-06,0.9794590473175049,16299
0.09700893610715866,510,0.0004384129133541137,0.00041357422014698386,2.483869502611924e-05,0.9789526462554932,16349
0.09753469377756119,512,0.0004989709705114365,0.0004612414923030883,3.772946001845412e-05,0.978185772895813,16399
0.09693941473960876,514,0.0004568607546389103,0.0003742107655853033,8.264997450169176e-05,0.9788630604743958,16449
0.09517493098974228,515,0.0005230336100794375,0.0004412138951011002,8.181970770237967e-05,0.9769560694694519,16499
0.09658470004796982,517,0.000553215155377984,0.00045244075590744615,0.00010077442857436836,0.9776082038879395,16549
0.09690139442682266,518,0.00045083012082614005,0.00038856733590364456,6.226277764653787e-05,0.9748502969741821,16599
0.0964372530579567,520,0.0004842001653742045,0.00047777476720511913,6.4253940763592254e-06,0.9773716330528259,16649
0.0947863981127739,521,0.00044620726839639246,0.0004354792181402445,1.0728040251706261e-05,0.9767612218856812,16699
0.09731800109148026,523,0.0010353862307965755,0.0009407507604919374,9.463547030463815e-05,0.9759703278541565,16749
0.09510434418916702,524,0.00021097184799145907,0.00020068729645572603,1.0284548807248939e-05,0.9731072187423706,16799
0.09628474712371826,526,0.0004364460473880172,0.0004162682162132114,2.0177823898848146e-05,0.9801958799362183,16849
0.09493111073970795,528,0.0005472612683661282,0.000525752198882401,2.15090603887802e-05,0.9785566329956055,16899
0.09698105603456497,529,0.000773587787989527,0.0007394541753455997,3.413361991988495e-05,0.978198230266571,16949
0.09425631165504456,531,0.0004919842467643321,0.00048687588423490524,5.108367076900322e-06,0.9752820730209351,16999
0.09577444195747375,532,0.000449536630185321,0.00039509564521722496,5.444098496809602e-05,0.9720810651779175,17049
0.09527598321437836,534,0.0007638396928086877,0.0007272372022271156,3.660250877146609e-05,0.9745873808860779,17099
0.09450426697731018,535,0.0003677506756503135,0.0003174451703671366,5.0305508921155706e-05,0.9763330817222595,17149
0.0949639305472374,537,0.000518576183822006,0.0005042060511186719,1.4370104508998338e-05,0.9767497777938843,17199
0.09764476865530014,539,0.0004923896631225944,0.00043389986967667937,5.848982254974544e-05,0.9785850048065186,17249
0.09504522383213043,540,0.000483129610074684,0.00047245091991499066,1.0678685612219851e-05,0.9806850552558899,17299
0.09708277881145477,542,0.0005802827072329819,0.0005498631508089602,3.0419583708862774e-05,0.978813111782074,17349
0.09755831956863403,543,0.0004940772196277976,0.00047008064575493336,2.3996557501959614e-05,0.975152850151062,17399
0.09649153798818588,545,0.0004683928855229169,0.0004291450313758105,3.924785414710641e-05,0.9768985509872437,17449
0.09522142261266708,546,0.0004878434119746089,0.0004605913127306849,2.7252106519881636e-05,0.9777377247810364,17499
0.09639830887317657,548,0.0006433461094275117,0.0005616078269667923,8.173830428859219e-05,0.9784389734268188,17549
0.09611634165048599,549,0.001003039302304387,0.0009616523166187108,4.138697113376111e-05,0.9767876863479614,17599
0.09637844562530518,551,0.0004935634206049144,0.0004862739297095686,7.2895172706921585e-06,0.9770181179046631,17649
0.09604626148939133,553,0.0006558383465744555,0.0004798082809429616,0.00017603008018340915,0.9767522811889648,17699
0.09623401612043381,554,0.0005720503977499902,0.0005295224254950881,4.252796497894451e-05,0.9787082076072693,17749
0.09571528434753418,556,0.0005920800613239408,0.0005003503756597638,9.172970021609217e-05,0.9754788279533386,17799
0.09644293785095215,557,0.0005439169472083449,0.0004614562203641981,8.246071956818923e-05,0.971375584602356,17849
0.0957811251282692,559,0.0003688019351102412,0.00035248658969067037,1.6315347238560207e-05,0.9700635671615601,17899
0.09748014807701111,560,0.000563278270419687,0.0005089920596219599,5.4286203521769494e-05,0.9706639647483826,17949
0.09419969469308853,562,0.0003856588155031204,0.0003799187543336302,5.74006207898492e-06,0.9748132824897766,17999
0.0936540812253952,564,0.0008582585141994059,0.0007265158928930759,0.0001317426358582452,0.9755434989929199,18049
0.09503112733364105,565,0.001085376599803567,0.0009039809228852391,0.00018139563326258212,0.9737542867660522,18099
0.09645573794841766,567,0.00044637732207775116,0.00041950884042307734,2.6868476197705604e-05,0.9739092588424683,18149
0.09596145153045654,568,0.0005362916272133589,0.00045843466068618,7.785698107909411e-05,0.9771151542663574,18199
0.09554434567689896,570,0.0005191717064008117,0.000511767400894314,7.404282314382726e-06,0.9747082591056824,18249
0.09466871619224548,571,0.0008132837829180062,0.0007549392757937312,5.834452895214781e-05,0.9737012982368469,18299
0.0975601077079773,573,0.0005903820274397731,0.0005644866032525897,2.5895431463140994e-05,0.9724075794219971,18349
0.09517460316419601,574,0.0003742347762454301,0.0003657495544757694,8.485223588650115e-06,0.9769443869590759,18399
0.09571625292301178,576,0.0003386481257621199,0.00033251289278268814,6.135246167104924e-06,0.9806442856788635,18449
0.09723666310310364,578,0.0005412125610746443,0.0004889164119958878,5.229612361290492e-05,0.9808237552642822,18499
0.09727253019809723,579,0.000515773193910718,0.0005115484236739576,4.224744316161377e-06,0.9767665266990662,18549
0.09775325655937195,581,0.0004008884134236723,0.00035974528873339295,4.114311741432175e-05,0.9781019687652588,18599
0.09654124826192856,582,0.0002697463205549866,0.00025860968162305653,1.1136631655972451e-05,0.9765917658805847,18649
0.09567311406135559,584,0.0005537011893466115,0.0004780415038112551,7.565970008727163e-05,0.9755811095237732,18699
0.09521955251693726,585,0.0003854605311062187,0.000378149445168674,7.311072749871528e-06,0.9776296615600586,18749
0.09692447632551193,587,0.0005607750499621034,0.00044945470290258527,0.00011132033978356048,0.9775553345680237,18799
0.09648610651493073,589,0.00042845102143473923,0.0004224431177135557,6.007914180372609e-06,0.9799293875694275,18849
0.09632086008787155,590,0.00045329448767006397,0.0004381296457722783,1.5164854630711488e-05,0.9770834445953369,18899
0.09685050696134567,592,0.0004564144182950258,0.0003893241810146719,6.709025183226913e-05,0.9756907224655151,18949
0.09525858610868454,593,0.0003784526779782027,0.0003439695865381509,3.448308780207299e-05,0.975136399269104,18999
0.09722182899713516,595,0.0004348521470092237,0.0004211652558296919,1.3686877537111286e-05,0.9725043177604675,19049
0.09591470658779144,596,0.0004518893256317824,0.00044202274875715375,9.866571417660452e-06,0.9725818634033203,19099
0.09434899687767029,598,0.0006041162414476275,0.0005500742699950933,5.404197872849181e-05,0.9759359359741211,19149
0.09793107956647873,599,0.00044783245539292693,0.0004322661261539906,1.556633105792571e-05,0.9750034213066101,19199
0.09620551019906998,601,0.0004141877871006727,0.0003494484699331224,6.473932444350794e-05,0.9777881503105164,19249
0.0967448353767395,603,0.000391953915823251,0.00037638895446434617,1.5564948625979014e-05,0.9742441773414612,19299
0.09751936048269272,604,0.0005004422855563462,0.0004777660360559821,2.267627314722631e-05,0.9691013097763062,19349
0.09492231905460358,606,0.0005050083273090422,0.0004878893669229001,1.7118962205131538e-05,0.9728109240531921,19399
0.09585975110530853,607,0.0005815905169583857,0.000573638011701405,7.952505256980658e-06,0.9779807925224304,19449
0.09773354232311249,609,0.00040460802847519517,0.00037288496969267726,3.172305878251791e-05,0.9802042245864868,19499
0.09583371877670288,610,0.0005245829233899713,0.0004277155385352671,9.686739940661937e-05,0.9796767830848694,19549
0.09623875468969345,612,0.0005343802622519433,0.00047751417150720954,5.686607983079739e-05,0.9772846698760986,19599
0.09603188186883926,614,0.0007255022064782679,0.0006748155574314296,5.068666723673232e-05,0.9744507670402527,19649
0.09679041802883148,615,0.0004275019746273756,0.000383890641387552,4.361134779173881e-05,0.9700616598129272,19699
0.09584421664476395,617,0.0004792499530594796,0.0004530420119408518,2.620795385155361e-05,0.9750221967697144,19749
0.0956772193312645,618,0.0004279811982996762,0.00040766288293525577,2.03183080884628e-05,0.9796885848045349,19799
0.09530694782733917,620,0.00061575579456985,0.0005921412375755608,2.3614555175299756e-05,0.9778103828430176,19849
0.09542493522167206,621,0.000728367711417377,0.0005768663249909878,0.00015150135732255876,0.9779917001724243,19899
0.09580615907907486,623,0.00025809876387938857,0.00025457513402216136,3.5236357689427678e-06,0.976564884185791,19949
0.0958680585026741,624,0.0005151290097273886,0.0005119016277603805,3.227379011150333e-06,0.9774400591850281,19999
0.09703593701124191,626,0.0004961428348906338,0.00048022420378401875,1.591862746863626e-05,0.9781657457351685,20049
0.09605424106121063,628,0.0004929510760121047,0.00048750819405540824,5.442865585791878e-06,0.9775016903877258,20099
0.09586439281702042,629,0.0006677466444671154,0.0005562357837334275,0.00011151086073368788,0.9797263145446777,20149
0.09467039257287979,631,0.0006731103640049696,0.0006265207775868475,4.6589571866206825e-05,0.9800982475280762,20199
0.09656834602355957,632,0.0003593241854105145,0.00035157203092239797,7.7521526691271e-06,0.9782090187072754,20249
0.09582380205392838,634,0.0005099090631119907,0.0004754307447001338,3.4478311135899276e-05,0.9779106378555298,20299
0.09506326913833618,635,0.0004382687038742006,0.00040667987195774913,3.158882464049384e-05,0.9760857224464417,20349
0.09623060375452042,637,0.000443797092884779,0.0004363398184068501,7.457275387423579e-06,0.9754563570022583,20399
0.09757343679666519,639,0.0009121284820139408,0.000890291528776288,2.1836971427546814e-05,0.9785043597221375,20449
0.09528093039989471,640,0.0005033607012592256,0.00046052649850025773,4.2834180931095034e-05,0.9765475988388062,20499
0.09700849652290344,642,0.0006236715125851333,0.0005694057326763868,5.426579446066171e-05,0.9789776802062988,20549
0.09635069221258163,643,0.00037298115785233676,0.00035451067378744483,1.8470474969944917e-05,0.9784512519836426,20599
0.09583217650651932,645,0.0004725591861642897,0.0004510177532210946,2.154143658117391e-05,0.9805954098701477,20649
0.09683956205844879,646,0.0006018802523612976,0.0005882534896954894,1.3626743566419464e-05,0.9776572585105896,20699
0.09666154533624649,648,0.0003018844872713089,0.0002833435428328812,1.854095717135351e-05,0.9761545062065125,20749
0.09630150347948074,649,0.00047569748130626976,0.0004607905284501612,1.4906952856108546e-05,0.9786460399627686,20799
0.098226398229599,651,0.0003834922972600907,0.00037665246054530144,6.839833076810464e-06,0.9788421392440796,20849
0.09477672725915909,653,0.00033350379089824855,0.00032082805410027504,1.2675745892920531e-05,0.9805423021316528,20899
0.09630036354064941,654,0.0003825332096312195,0.00037508507375605404,7.44813951314427e-06,0.9813443422317505,20949
0.0961066409945488,656,0.00043148588156327605,0.0004237589309923351,7.726961484877393e-06,0.9775738716125488,20999
0.0950750932097435,657,0.00041108852019533515,0.00035522389225661755,5.586463157669641e-05,0.9776089191436768,21049
0.09869008511304855,659,0.0006405675085261464,0.000558776780962944,8.179073483916e-05,0.9778099060058594,21099
0.0968889445066452,660,0.0003389720804989338,0.00033681944478303194,2.1526350337808253e-06,0.9764155149459839,21149
0.09881328791379929,662,0.0006567375967279077,0.0006245007389225066,3.223687963327393e-05,0.980292558670044,21199
0.09629441797733307,664,0.0006376148667186499,0.0006142149213701487,2.339995808142703e-05,0.9814149737358093,21249
0.09493643045425415,665,0.0005534717347472906,0.0005430433084256947,1.0428445420984644e-05,0.9804582595825195,21299
0.09540827572345734,667,0.0005331871798262,0.0004810493846889585,5.2137780585326254e-05,0.9769458174705505,21349
0.0968763530254364,668,0.0004772659158334136,0.0003974222927354276,7.984363764990121e-05,0.9775643348693848,21399
0.09768610447645187,670,0.0004026623792015016,0.000380541430786252,2.212093932030257e-05,0.9771602749824524,21449
0.09542352706193924,671,0.00048776628682389855,0.00046983594074845314,1.7930346075445414e-05,0.9795898795127869,21499
0.09616537392139435,673,0.0004101393569726497,0.0003780332044698298,3.2106141588883474e-05,0.9820830821990967,21549
0.09685198962688446,674,0.000803062692284584,0.000771070655900985,3.199204002157785e-05,0.978868305683136,21599
0.09607058763504028,676,0.0003780786646530032,0.00035492051392793655,2.315816527698189e-05,0.9771894216537476,21649
0.09558118134737015,678,0.0004377320292405784,0.00042964803287759423,8.083999091468286e-06,0.9806191325187683,21699
0.09579292684793472,679,0.0005029505700804293,0.0004308047646190971,7.214579818537459e-05,0.9815370440483093,21749
0.0962347686290741,681,0.00041243055602535605,0.00036752934101969004,4.49012077297084e-05,0.9810433983802795,21799
0.09565715491771698,682,0.00041262723971158266,0.0004047753755003214,7.851870577724185e-06,0.9824813008308411,21849
0.09631141275167465,684,0.00028785213362425566,0.00028454995481297374,3.302193363197148e-06,0.981937050819397,21899
0.09505350887775421,685,0.000354873132891953,0.00033625660580582917,1.8616523448145017e-05,0.9771707057952881,21949
0.09600213915109634,687,0.0003644412208814174,0.00036252301651984453,1.9182159576303093e-06,0.976208508014679,21999
0.09622155874967575,689,0.00043748837197199464,0.0004144685808569193,2.3019792934064753e-05,0.9783176779747009,22049
0.0975421890616417,690,0.0005395695334300399,0.0004538353532552719,8.573417289881036e-05,0.9784942865371704,22099
0.09413724392652512,692,0.00045004559797234833,0.0004401815531309694,9.864054845820647e-06,0.9823755025863647,22149
0.09561452269554138,693,0.0004884881782345474,0.00047666364116594195,1.182454616355244e-05,0.9804548025131226,22199
0.0960831418633461,695,0.0007254844531416893,0.0006620940403081477,6.33903982816264e-05,0.9775100946426392,22249
0.09700169414281845,696,0.0005276626907289028,0.0004790276288986206,4.8635043640388176e-05,0.975726306438446,22299
0.0964750424027443,698,0.00035754547570832074,0.00034623275860212743,1.1312728929624427e-05,0.9799095392227173,22349
0.09725146740674973,699,0.0003821259015239775,0.0003657368943095207,1.638901449041441e-05,0.9809803366661072,22399
0.09676648676395416,701,0.0003867034101858735,0.00035300341551192105,3.369998376001604e-05,0.9778928756713867,22449
0.09627397358417511,703,0.0006536757573485374,0.0005681074690073729,8.556828834116459e-05,0.9778748154640198,22499
0.09615519642829895,704,0.00048277052701450884,0.00045443340786732733,2.8337111871223897e-05,0.9759421944618225,22549
0.09814193844795227,706,0.00041711973608471453,0.0003549052053131163,6.221453077159822e-05,0.9785193800926208,22599
0.09698321670293808,707,0.00030887051252648234,0.00029848574195057154,1.0384767847426701e-05,0.9771474003791809,22649
0.09646034240722656,709,0.0002507976605556905,0.00024591985857114196,4.877796982327709e-06,0.9817091822624207,22699
0.09808424860239029,710,0.0005519292317330837,0.0005391972954384983,1.2731962669931818e-05,0.9811476469039917,22749
0.09681443125009537,712,0.00045899851829744875,0.0004135662456974387,4.543227260001004e-05,0.9809562563896179,22799
0.09525040537118912,714,0.0003857897827401757,0.0003662299714051187,1.955982224899344e-05,0.982263445854187,22849
0.09858713299036026,715,0.0004350998788140714,0.00042953933007083833,5.560536465054611e-06,0.9787676334381104,22899
0.09647168964147568,717,0.0005396237829700112,0.0005161190056242049,2.350476097490173e-05,0.9794055223464966,22949
0.0959504023194313,718,0.00045161874732002616,0.0004269469645805657,2.4671782739460468e-05,0.9775684475898743,22999
0.09623146057128906,720,0.00028461843612603843,0.0002691612171474844,1.5457228073501028e-05,0.9816370606422424,23049
0.09562581032514572,721,0.0004309943178668618,0.0004104809486307204,2.0513376512099057e-05,0.9833715558052063,23099
0.09559469670057297,723,0.0005060021649114788,0.00047848152462393045,2.752065847744234e-05,0.981875479221344,23149
0.09553270787000656,724,0.00031263622804544866,0.00027633432182483375,3.63019025826361e-05,0.9810600280761719,23199
0.09518879652023315,726,0.0003977028245572001,0.00037024050834588706,2.7462303478387184e-05,0.9817359447479248,23249
0.09580666571855545,728,0.0005316323949955404,0.000492756487801671,3.887590719386935e-05,0.977654218673706,23299
0.0967523530125618,729,0.0003598223556764424,0.00035647163167595863,3.350729457451962e-06,0.9816493988037109,23349
0.09574668854475021,731,0.00047986992285586894,0.00042273272993043065,5.713718564948067e-05,0.9821901917457581,23399
0.09589073807001114,732,0.0005883639096282423,0.0005162575398571789,7.210636249510571e-05,0.9811213612556458,23449
0.09673087298870087,734,0.0005721715278923512,0.0005452762125059962,2.6895340852206573e-05,0.9786596298217773,23499
0.09768053144216537,735,0.00048820438678376377,0.00045331608271226287,3.488829679554328e-05,0.97988361120224,23549
0.09708958119153976,737,0.0008734521688893437,0.0008116780663840473,6.177410250529647e-05,0.9772754907608032,23599
0.09659457951784134,739,0.00046278268564492464,0.00044930470176041126,1.3477986612997483e-05,0.9805600643157959,23649
0.09610158205032349,740,0.0005663953488692641,0.00055929203517735,7.103303687472362e-06,0.98161381483078,23699
0.09562674164772034,742,0.000606125220656395,0.0004820653994102031,0.0001240597921423614,0.9838799834251404,23749
0.097196064889431,743,0.00030711153522133827,0.0002937458048108965,1.3365734957915265e-05,0.9830077886581421,23799
0.09610489755868912,745,0.000431805441621691,0.00040007673669606447,3.172871583956294e-05,0.9831796884536743,23849
0.09499721229076385,746,0.0005732349236495793,0.0005606446648016572,1.2590277037816122e-05,0.9797563552856445,23899
0.09680962562561035,748,0.0003482407773844898,0.0003272199828643352,2.102078178722877e-05,0.9787667393684387,23949
0.09648206830024719,749,0.0004556138883344829,0.0004466198734007776,8.994007657747716e-06,0.9810634255409241,23999
0.09879782050848007,751,0.0003434242098592222,0.00032794344588182867,1.548076579638291e-05,0.9780176877975464,24049
0.09598557651042938,753,0.0006019655265845358,0.0005878644296899438,1.4101087799645029e-05,0.976649820804596,24099
0.09548971056938171,754,0.0004277970874682069,0.00041576166404411197,1.2035412510158494e-05,0.9770165681838989,24149
0.09605291485786438,756,0.00037271875771693885,0.0003597027971409261,1.3015966942475643e-05,0.9787423610687256,24199
0.09458117932081223,757,0.0004897237522527575,0.0004864762304350734,3.2475238640472526e-06,0.9816169142723083,24249
0.0970798134803772,759,0.0005326760001480579,0.0004971942980773747,3.548169115674682e-05,0.9813941121101379,24299
0.09698186814785004,760,0.0005107133183628321,0.00043732248013839126,7.339086005231366e-05,0.9768602848052979,24349
0.09582502394914627,762,0.0003429872158449143,0.00032580457627773285,1.7182639567181468e-05,0.9795390367507935,24399
0.0958201140165329,764,0.0004968032008036971,0.0004894125158898532,7.390700830001151e-06,0.9817880988121033,24449
0.09644896537065506,765,0.00036235866718925536,0.00035318167647346854,9.176988896797411e-06,0.981766402721405,24499
0.09727481007575989,767,0.0005361713701859117,0.0004731323570013046,6.30389986326918e-05,0.9827436804771423,24549
0.09623435884714127,768,0.0005380628281272948,0.0005220243474468589,1.6038489775382914e-05,0.983018696308136,24599
